Key,
Added sugar,
Salt,
Disaccharide,
Sugar,
Water,
Oil and fat,
Flavouring,
Vegetable oil and fat,
Dairy,
Cereal,
Vegetable,
Fruit,
Flour,
Monosaccharide,
Wheat,
Root vegetable,
Vegetable oil,
Starch,
Glucose,
Milk,
Cereal flour,
Natural flavouring,
Condiment,
Spice,
Emulsifier,
Wheat flour,
E330,
Herb,
Sunflower oil,
Colour,
Acid,
Preservative,
Cocoa,
Seed,
E322,
Plant,
Onion,
Antioxidant,
Dextrose,
Milk powder,
Egg,
Thickener,
Fruit juice,
Yeast,
E322i,
Garlic,
Stabiliser,
Rapeseed oil,
Glucose syrup,
Animal,
Corn starch,
Tomato,
Nut,
Protein,
Cocoa butter,
Pepper,
Palm oil and fat,
Modified starch,
Skimmed milk powder,
Soya lecithin,
Cocoa paste,
Meat,
Vinegar,
Rice,
Acidity regulator,
Raising agent,
E500,
Cream,
E300,
Fat,
Pork,
Lemon juice,
Malt,
Ferment,
Colza oil,
Tree nut,
Potato starch,
Sea salt,
E415,
E250,
Corn,
Cocoa powder,
E412,
Legume,
Carrot,
Pork meat,
Soya,
Lactose,
E471,
Palm oil,
Apple,
Berries,
Butter,
Citrus fruit,
Animal protein,
Fructose,
Chocolate,
Milk proteins,
E450,
Whole milk powder,
Malted barley,
Cheese,
Olive oil,
Cane sugar,
Fish,
Microbial culture,
Whey,
E440a,
Milkfat,
E407,
Lactic ferments,
maltodextrins,
Enzyme,
Parsley,
Glucose-fructose syrup,
Mustard,
Potato,
Fat reduced cocoa powder,
Vanilla flavouring,
Alcohol,
E202,
Gluten,
Gelling agent,
Rice flour,
Vegetable fat,
Bell pepper,
Coagulating enzyme,
Minerals,
Butterfat,
Yeast extract,
Orange,
Oat,
Concentrated lemon juice,
E500ii,
Whole milk,
E301,
Natural vanilla flavouring,
Honey,
Modified corn starch,
Flavour enhancer,
Rennet,
Virgin olive oil,
Chili pepper,
Hazelnut,
Skimmed milk,
Almond,
vegetable-protein,
Palm fat,
Sugar syrup,
Grape,
Poultry,
Extra virgin olive oil,
Black pepper,
Sunflower lecithin,
Mustard seed,
Celery,
Vanilla,
Sweetener,
Tomato purée,
Fiber,
E503,
Invert sugar,
Barley,
Durum wheat,
E621,
Soya bean,
Sunflower,
Semolina,
E270,
Wheat gluten,
Basil,
Durum wheat semolina,
Coconut,
Lemon,
Spice extract,
Invert sugar syrup,
Beef,
Vegetable fiber,
Thyme,
E160c,
Wheat starch,
Tapioca,
Rice starch,
Egg yolk,
Oily fish,
Wholemeal flour,
Animal fat,
Iodised salt,
Egg white,
Hops,
Carob seeds,
E160a,
Vitamins,
Yogurt,
Hydrolysed vegetable protein,
Barley malt extract,
E422,
Coriander,
Purée,
Whey powder,
Raspberry,
Wine,
Paprika,
Corn flour,
E120,
Oat flakes,
Glazing agent,
Dough,
Carob seed flour,
Coconut oil,
Cinnamon,
E290,
Sauce,
E414,
E428,
Unrefined sugar,
Alcohol vinegar,
E375,
Soy protein,
Palm,
Cow's milk,
Tomato concentrate,
Peanut,
Unrefined cane sugar,
Chicken,
Mango,
Vanilla extract,
Sesame,
E950,
E420,
E450i,
Spirit vinegar,
Coating,
Oregano,
E150a,
Thiamin,
Wine vinegar,
Turmeric,
Orange juice,
Beef meat,
Vitamin D,
E466,
Whole egg,
Mineral water,
Pasteurised milk,
E101,
Mushroom,
Folate,
Iron,
Rosemary,
Nutmeg,
Garlic powder,
E150,
E316,
Sulfite,
Strawberry,
Rapeseed,
Fresh cream,
Apple juice,
Spice or bell pepper,
Folic acid,
E296,
Whole wheat flour,
White wine,
Peach,
Smoke,
Fresh egg,
Soya flour,
Herbs and spices,
E955,
E903,
Milk chocolate,
Sodium,
Vitamin B6,
Baker's yeast,
Ginger,
E392,
White pepper,
E331,
Pineapple,
Blueberry,
E211,
Humectant,
Modified potato starch,
E252,
Pork fat,
Leek,
Natural lemon flavouring,
Sunflower seed,
Broth,
E100,
Chicken meat,
Rye,
E341,
Shellfish,
Condensed milk,
Cumin,
Tea,
Rye flour,
Natural mineral water,
E282,
E503ii,
Lactose and milk proteins,
E160ai,
Semi-skimmed milk,
E163,
Bacon,
Ham,
Flour treatment agent,
Pear,
Shallot,
Red bell pepper,
Anti-caking agent,
Banana,
Fat reduced cocoa,
Coffee,
Sodium citrate,
Pea,
Carbonated water,
Chocolate powder,
Clove,
Lemon juice from concentrate,
E262,
Courgette,
Salt from Guérande,
E306,
E224,
Margarine,
Palm kernel oil and fat,
Coconut fat,
Blackcurrant,
Cornmeal,
Champignon,
Malted wheat flour,
Chopped tomatoes,
E160,
Vanillin,
E464,
Tomato powder,
Beetroot,
Vitamin b12,
Agave syrup,
bread-crumbs,
White fish,
Spinach,
Flax,
Fruit pectin,
Vitamin C,
E951,
Tuna,
Chives,
E410,
Pantothenic Acid,
Brown rice,
E451,
Modified tapioca starch,
Bay leaf,
Shea butter,
E170,
Filling,
Vitamin E,
Palm kernel oil,
Smoke flavouring,
Raisin,
Salad,
E472e,
Barley flour,
Microbial rennet,
E917,
E170i,
E160b,
Sucrose,
Sweet whey,
Sesame seeds,
Dill,
Concentrated apple juice,
Salmon,
Fresh milk,
Apricot,
Orange zest,
Sourdough,
Dijon mustard,
Vegetarian rennet,
Tomato juice,
Cashew nuts,
Soy sauce,
Pumpkin,
Poultry fat,
Cucumber,
E509,
Raw milk,
Safflower,
Fennel,
Raspberry puree,
E260,
Blackberry,
E501,
Flax seed,
Mollusc,
olives,
Must,
Powdered egg white,
Mango puree,
E452,
Mint,
Caramelised sugar,
Elder,
Grape sugar,
E171,
E965,
E476,
Marjoram,
Sweet whey powder,
E150d,
E200,
Lentils,
Fresh whole milk,
ro:condimente,
Beech wood smoke,
Nutmeg nut,
Dark chocolate,
chocolate-pieces,
E631,
E339,
Vitamin A,
Natural orange flavouring,
Wheat malt,
Crustacean,
Condensed skimmed milk,
Wheat bran,
Anchovy,
Turkey,
Syrup,
Passionfruit,
Atlantic salmon,
Walnut,
Reconstituted skimmed milk,
E327,
Black tea,
Hazelnut paste,
Turkey meat,
Emulsifying salts,
Molasses,
Cheese powder,
Cholecalciferol,
Pumpkin seed,
Duck,
Oil,
E223,
E461,
Wheat flakes,
Atlantic herring,
Green peas,
Green bean,
E401,
Whey product,
Biotin,
Chickpea,
Herring,
Double concentrated tomato,
Aubergine,
E627,
Spirulina,
White wine vinegar,
Wheat glucose syrup,
Liquorice,
Lime juice,
E338,
Bulking agent,
Brown sugar,
Wholemeal rye flour,
E161b,
Casing,
Orange juice from concentrate,
Apple fiber,
E133,
Dehydrated onion,
Herb extract,
Green lentils,
E904,
Chicken fat,
Pineapple juice,
Raw cow's milk,
Cherry,
Whole powdered egg,
E1103,
Breast,
Natural raspberry flavouring,
Garden peas,
Caramel syrup,
Pasta,
E1105,
Soya oil,
E901,
Emmental,
Pea protein,
Buckwheat,
Pasteurised cow's milk,
Pork breast,
Corn flakes,
Pasteurised whole milk,
Wheat fiber,
Cayenne pepper,
Baking powder,
Wheat protein,
Potato powder,
Curry,
Lard,
E524,
E334,
Red chili pepper,
Herring fillet,
Chicken egg,
Zinc,
Potato flakes,
Alaska pollock,
Vegetable juice,
Raspberry juice,
Whey protein,
E445,
Concentrated agave syrup,
Grapefruit,
Corn syrup,
Rice syrup,
E110,
Apple juice from concentrate,
fruit-concentrates,
E385,
Pork gelatin,
Mozzarella,
Gum base,
Bread,
Caffeine,
Pork liver,
Lemongrass,
Cranberry,
Cabbage,
Concentrated grape must,
de:gurken,
Strawberry puree,
E102,
Dehydrated glucose syrup,
Chicory,
Red beetroot,
Milk fat substitute,
Glaze,
Cooking water,
High oleic sunflower oil,
Green bell pepper,
fr:jus-de-fruits-a-base-de-concentres,
Green pepper,
Juice,
Coconut flakes,
E500i,
Mild yogurt,
E470b,
E511,
Lardon,
Biscuit,
E304,
Cod,
green-olives,
fr:vermouth,
Animal-based rennet,
E481,
Redcurrant,
E635,
Egg powder,
E460,
de:tr,
Tomato pulp,
Fructose syrup,
E551,
Natural pepper flavouring,
Whipped cream,
Capers,
Parsnip,
Smoked lardoons,
Pyridoxine hydrochloride,
Calcium,
Grape juice,
Essential oil,
Cyanocobalamin,
de:Joghurterzeugnis,
Pork rind,
Red fruits,
Cheddar,
E262i,
Melted cheese,
Buckwheat flour,
Caraway,
Apple purée,
fr:l,
E1400,
Whole yogurt,
E967,
Fruit extract,
E472b,
Refined sunflower oil,
fr:Denrée alimentaire colorante,
E220,
E141,
Tofu,
E516,
fr:allergenes-presents,
E333,
Icing sugar,
Duck liver,
Wheat flour type 0,
Hop extract,
Lysozyme from eggs,
Malt extract,
E965ii,
E1510,
E162,
Cardamom,
Cooked rice,
Plant protein,
Acerola,
Sheeps casing,
Savory,
Herbes de Provence,
Inulin,
de:sahnepulver,
Oat flour,
Black olive,
Edam,
Natural vanilla extract,
Superior quality durum wheat semolina,
hu:fűszerek,
Wholemeal oat,
Tamarind,
Beef fat,
Iodine,
Kiwi,
E504,
Cherry tomato,
E406,
Sweetcorn,
Radish,
Fleur de sel,
Pine nuts,
Reconstituted lime juice,
Mackerel fillet,
Coagulant,
ro:slănină,
Malted wholemeal rye flour,
ingredients,
Grapefruit juice,
Lemon peel,
Poultry skin,
fr:b1,
Rye sourdough,
Wheat dextrose,
Deactivated yeast,
Bourbon vanilla,
Elderberry,
Poultry meat,
Corn dextrose,
Lemon extract,
Coconut milk,
Veal,
E325,
Pork by-product,
Lemon oil,
Sage,
de:mango-chutney,
Wheat germ,
Lovage,
E150b,
Fromage blanc,
Crushed tomato,
Grana Padano,
Thiamin mononitrate,
E326,
Guava,
Nigari,
E332,
Roselle flower,
Baked onion,
Table vinegar,
E501i,
Brown sugar syrup,
E320,
Milk minerals,
E472c,
Peach puree,
Mackerel,
Barley malt flour,
Cow cheese,
Fleur de sel from Guérande,
Quark,
E304i,
Crushed peeled tomato,
Wholemeal cereal,
Parboiled rice,
Aniseed,
Goat milk,
E420ii,
Coriander leaf,
Asparagus,
E475,
Lactic and aging ferments,
fr:Matière grasse de lait anhydre,
Spelt,
Vanilla pod,
Concentrated pineapple juice,
Firming agent,
Paprika powder,
Free range eggs,
Honey from France,
de:fett-i,
sucre,
Concentrated orange juice,
Chestnut,
E153,
Fruit juice concentrate,
E952,
es:aceite-de-semillas-y-sal,
Natural colours,
Collagen,
Sherry vinegar,
Palm kernel fat,
Chickpea flour,
Star anise,
Beans,
burnt-sugar,
Algae,
UHT pasteurised whole milk,
Concentrated plant colour,
Whole grain oat flakes,
Cornflower,
Balsamic vinegar,
Carrot juice,
Mint flavouring,
Plantain,
Natural mint flavouring,
E350,
Boiled egg,
ru:Закваска на кефирных грибках,
Sodium chloride,
Enhancer,
E473,
Unrefined sea salt,
Natural sheep casing,
Single cream,
Vegetable margarine,
Sweet potato,
Hydrogenated vegetable oil,
Chokeberry,
fr:Pétales de bleuet,
Plant extracts,
Corn oil,
Hydrogenated oil,
Wheat sourdough,
Maltodextrind,
de:Weichweizenmehl,
Melon,
fr:en-poudre,
E1100,
Celery seed,
E413,
Green tea,
Aromatic caramel,
Smoked bacon,
Liquorice extract,
Shrimp,
Brewer's yeast,
Dry roasted almonds,
Bone,
Gherkin,
parboiled-long-grain-rice,
E460i,
Acacia honey,
Garlic puree,
Potato protein,
Yellow bell pepper,
fr:Levain de seigle dévitalisé,
Black carrot,
Brown flax seeds,
Duck foie gras,
Pear juice,
Vitamin b8,
Squid,
E307,
E1442,
E508,
Mayonnaise,
Sardine,
Red wine,
de:senfmehl,
sel,
Sour cream,
Pasteurized skimmed milk,
Liqueur wine,
Roasted peanuts,
Pure vanilla extract,
Plum,
E332ii,
Sweetened condensed milk,
suiker,
Rapeseed lecithin,
Carbonated natural mineral water,
Wheat glucose-fructose syrup,
Brandy,
Pork fillet,
Rice bran,
E442,
Broad bean flour,
esters-of-fatty-acids-and-polyglycerol,
Rice semolina,
Lemon powder,
Egg yolk powder,
White chocolate,
fr:eau-des-alpes,
Dehydrated soy protein,
Albacore,
White beans,
Hydrolysed pea protein,
E251,
Cocoa solids,
White cabbage,
Pomace brandy,
Peppermint,
fr:Fond de porc,
Duck fat,
Armagnac,
Concentrated tomato purée,
fr:Bleuets,
fr:Farine d'orge malté toasté,
Cocoa butter substitute,
Milk solids,
Date,
Extract,
Reduced iron,
Bifidus,
Tea extract,
ru:Комплексная пищевая добавка,
Blend of honeys,
Natural basil flavouring,
E530,
Port,
Veal meat,
Hydrolysed proteins,
Orange extract,
Cooked ham,
Pork collagen,
Buttermilk,
Potassium iodide,
Psyllium,
parmesan,
Brazil nut,
it:streptococcus-thermophilus,
Potato flour,
fr:1,
Long grain rice,
fr:Additifs alimentaires,
Concentrated carrot juice,
fr:Lait demi écrémé uht,
Ricotta,
E421,
Tarragon,
Non-hydrogenated sunflower oil,
Rooibos,
UHT pasteurised milk,
it:lactobacillus-bulgaricus,
Rye malt,
E504i,
Shiitake,
Fig,
fr:Eau minérale naturelle gazéifiée,
Concentrated purée,
Cep,
may-contain-traces-of,
Liquid smoke,
Filtered water,
Pork loin,
fr:Boyau naturel de porc,
Hot chili peppers,
Bourbon vanilla extract,
fr:Fumet de poisson,
E131,
E575,
Noodle,
ru:e1414,
Superior cooked ham,
Grape must,
Sterilised milk,
Special bread,
carob-germ-flour,
Xanthan gum and guar gum,
Red wine vinegar,
fr:Purée et purée concentrée,
Cracked black pepper,
Deodorized sunflower oil,
330,
Lettuce,
Strawberry juice,
Millet,
Tomato sauce,
E235,
fr:Couenne de porc,
Beetroot juice concentrate,
hu:vörösbab,
Canola oil,
Lupin flour,
E960,
Hard-boiled egg,
Pea fiber,
Ketchup,
Lupin bean,
Fenugreek,
Papaya,
Fried onion,
Duck meat,
de:kulturchampignons,
Atlantic mackerel,
Acacia fibre,
Pasteurised goat milk,
fr:Cornet biscuit,
ro:emulsificatori,
fr:Légume déshydraté,
E336,
Zinc gluconate,
Cane invert syrup,
de:mozzarella,
fr:Ferments d'affinage,
de:ammoniumcarbonate,
Dried fruits,
processed-with-alkali,
E535,
de:Natursauerteig,
Oyster mushroom,
Pork sausage,
Tapioca flour,
Pineapple juice from concentrate,
Broad bean,
de:verdickungsmittel-johannisbrotkernmehl-und-pektin,
de:Aroma Vanillin,
Canola,
Chicken broth,
E1422,
E640,
de:frauenmantel,
fr:Blanc d'œuf liquide pasteurisé,
Salami,
hu:fűszerkeverék,
Ground coffee,
Brown rice syrup,
Apple extract,
Cooked potato,
Beef gelatin,
Rusk,
hu:bőrös-baromfizsiradék,
Ground hazelnuts,
ru:солод-ячменный-светлый,
fr:Jus de framboise à base de concentré,
fr:Chair de poisson,
fr:concentre,
Lychee,
de:kakaopaste,
nl:bio-ui,
it:sucre,
Sugarcane,
Vegetable broth,
Concentrated whey protein,
Pepper extract,
Mountain honey,
Fruit and plant concentrates,
sv:vitamin-c,
Black carrot juice,
zout,
Cognac,
Chicken skin,
de:süßlupinensamen-gekocht,
Soy milk,
Ferric diphosphate,
Flavouring preparation,
Watermelon,
ro:proteină-animală,
Palm olein,
Unsalted butter,
E242,
E407a,
fr:sure,
fr:Maïs doux en grains,
Couscous,
Blackcurrant juice from concentrate,
Zinc sulfate,
Mixed condiments,
Red beetroot juice,
Natural blackcurrant flavouring,
Elderberry extract,
Ground almonds,
Small white onions,
Dried apricots,
de:past,
de:verdickungsmittel-johannisbrotkernmehl,
Wholemeal rye,
Juniper berry,
Buffalo milk,
rice-germ,
Poultry broth,
Marc de Champagne,
de:vollkornweizen-crispies,
Atlantic cod,
Basmati rice,
fr:si-necessaire-pour-reguler-l-acidite,
de:Feine Milchschokolade,
Sugar beet syrup,
Whole wheat flakes,
Bechamel sauce,
Semi-whole durum wheat semolina,
Bread improver,
fr:charbon,
Yellowfin tuna,
E920,
Celeriac,
Butter flavouring,
Mallow,
zh:調味劑,
E492,
de:buttermilchpulver,
ru:мука-пшеничная-хлебопекарная,
Cider vinegar,
E503i,
E468,
Superior quality long grain parboiled rice,
Beef broth,
fr:Lait écrémé reconstitué,
de:Hühnerei-Trockeneiweiß,
Aloe vera,
ro:ficat-de-gâscă,
Olive,
Mustard oil,
Neapolitan wafer,
Microbial coagulating enzyme,
fr:Piment doux,
Lobster,
de:Joghurtpulver,
Pink peppercorn,
E321,
Corn kernel,
E172,
Chicken thigh,
Fortified wheat flour,
ro:agenți-gelatinizanți,
Cottonseed oil,
Spirulina concentrate,
Thai rice,
Millet flour,
Chicken breast,
Brine,
Blend of EU and non-EU honeys,
Gluten free oats,
Magnesium,
Rum,
it:vitamine-c-ed-e,
Chicken liver,
fr:jus-de-citron-issu-de-concentre,
E579,
de:natürliche-bourbon-vanille-aromen,
fr:fromage-blanc-au-lait-entier-pasteurise,
Allspice,
White grape,
Celery powder,
fr:huiles-vegetales-vierges,
Chick egg white or protein,
E536,
296,
Fennel seed,
Sugar beet fibre,
E341ii,
Whole liquid pasteurised egg,
E319,
Chicken egg white,
fr:filets-de-limande-du-nord,
de:rote-gemüsepaprika,
Soy sauce powder,
Natural flavor of turmeric,
E261,
Pea starch,
fr:Lactose et minéraux du lait,
fr:Moût de raisin cuit,
E262ii,
Acacia honey from France,
ru:морская-капуста,
Chocolate chunk,
ru:зелень-сельдерея,
fr:oignons-frits-et-sauce-gout-barbecue,
Fruit vinegar,
Beetroot juice,
Exhausted vanilla pod,
Corn maltodextrin,
Cereal crispies,
Rehydrated soy protein,
Mashed potato,
Pork bone,
ro:aromatizant,
Sweetened condensed semi-skimmed milk,
Pre fried onions,
Wholemeal oat flour,
Natural citrus flavouring,
fr:Épaississant e415,
fr:Bonite,
E553,
Citrus flavouring,
Soy preparation,
Skimmed milk yogurt powder,
Chia,
Quinine,
Welsh onion,
plant-concentrates,
E141ii,
fr:specialite-panee-au-poulet,
Passion fruit juice,
b12,
Mace,
volkoren-tarwemeel,
E472a,
Modified rice starch,
de:Maracujasaft aus Maracujasaftkonzentrat,
it:corretore-di-acidita,
Rose petals,
Potassium,
E350ii,
Beer,
Pureed green bean,
hydroxypropyl-methyl-cellulose-cellulose-gum,
Puffed rice,
Pork shoulder,
ro:potențator-de-aromă,
de:natron,
Prune,
Red lentils,
fr:sucre-de-canne-roux-d-amerique-du-sud,
fr:Mélange de salades,
fr:Décor au cacao maigre,
Liquid egg white,
Chocolate filling,
de:gekochter-hinterschinken,
Chili puree,
de:kann-sellerie,
Salted butter,
Free range chicken eggs,
Carrot extract,
fr:carotene-et-extraits-de-paprika-et-de-curcuma,
Cream from Normandy,
E953,
Cinnamon powder,
Pineapple segments,
Quinoa,
fr:thym-poudre,
E553b,
ru:восстановленная-молочная-сыворотка,
Yeast extract powder,
E451i,
Guava puree,
Dried apple,
Caramelised sugar syrup,
E525,
Unrefined sea salt from the Atlantic,
Pasteurized crème fraîche,
High fructose corn syrup,
Marinade,
fr:Haricots blancs secs trempés,
es:Sirope de glucosa de maíz,
Soy base,
Natural oregano flavouring,
Beet sugar,
a,
Chocolate cream,
de:Putenfleisch,
Corinthian raisins,
Sweet paprika,
Natural apple flavouring,
ru:жир-заменитель-какао-масла,
fr:presure-bovine,
fr:maigre,
Clementine,
fr:et-100-du-total-des-ingredients-sont,
de:Hähnchenfleisch,
fr:qualite-sans-arete,
Totally hydrogenated palm fat,
fr:vin-de-riz-de-cuisine,
cultured-grade-a-non-fat-milk,
Calvados,
Skipjack tuna,
fr:des-ingredients,
E433,
quot,
Cocoa bean,
Milk mineral concentrate,
fr:laurier-poudre,
fr:Éclats de noisettes,
Apricot kernels,
Grated emmental cheese,
Menthol,
Fruits preparation,
Exhausted ground vanilla pod,
Whole durum wheat semolina,
fr:aubergines-du-sud-ouest,
and-sunflower-oil,
ro:zer-praf,
fr:pasteurise,
jalapeno,
es:magros-de-cerdo,
Red beans,
Chicken protein,
fr:certains-ingredients-ne-sont-pas-francais,
fr:ferments-lactiques-et-flore-de-surface,
de:milchfermente,
Nectarine,
Chromium,
ro:amidon-din-porumb,
Orange essential oil,
E339ii,
Juniper,
Light cream,
fr:gorge-et-foie-de-porc,
de:zutaten,
Poppy,
Goat cheese,
E954,
ru:e170,
White asparagus,
Natural lime flavouring,
fr:Salade composée,
Nibbed and ground hazelnuts,
Thiamin hydrochloride,
Red onion,
es:aceitunas-rellenas,
E340,
Cereals containing gluten,
Maltose,
fr:acide-lactique-l,
Mixed spices,
Instant coffee,
Camomile,
Strawberry juice concentrate,
Sheeps milk,
Fruit preservative,
Pasteurized semi-skimmed milk,
fr:peche-en-pacifique-nord-est,
fr:ferments-iactiques,
orange-juice-fr-based-on-concentrate,
fr:du-sel-dans-les-cubes-chevre,
bacon-and-egg-bites,
Unrefined salt,
ro:grăsime-vegetală-total-hidrogenată-de-cocos,
451,
zh:碳酸氫鈉,
sv:engelsk-sirap,
fr:D'élevage en plein air,
Lime juice concentrate,
fr:sauce-d-assaisonnement-mixee,
fr:se-turmeric,
ja:ゴボウ,
E123,
ru:протеаза-и-альфа-амилаза,
Marshmallow,
fr:sels-mineraux-des-eaux-du-bassin-de-vichy,
Wild garlic,
zh:無籽葡萄乾,
fr:farine-de-ble-complete-t150,
it:a-consommer-de-preference-avant-le,
Hydrogenated fat,
fr:de-savoureux-petits-pois,
fr:المكونات,
ro:esteri-ai-acidului-acetic-cu-mono-si-digliceride,
fr:indispensables-pour-lier-les-ingredients,
Black tea extract,
ru:гyаровая-камедь,
hu:oțet-de-alcool,
fr:ceufs-de-lompe,
500,
niacine,
onion-white-pepper,
fr:lait-entier-pasteurise-de-nos-vaches,
ro:ciocolată-amăruie-8-în-cremă,
de:dl-alpha-tocopherc,
ru:эм-р-e472e,
Citrus fibre,
Concentrated raspberry juice,
fr:lait-partiellement-ecreme-a-1-1-de-matieres-grasses,
de:såuerungsmittel,
nb:med-emulgeringsmedel-sojalecitin,
fr:fourrage-confiture-de-myrtille,
fr:raclette-fondue,
fr:lait-ecreme-de-vache,
it:correttore-di-acidifia-citrato-trisodico,
it:preparazione-al-gusto-di-vaniglia,
E510,
citric-acid-and-rosemary,
fr:creme-issue-de-lait-de-vache,
comme-arabique,
made-from-corn,
fr:gras,
nl:bio-mosterd-zaad,
sorbitan-sesquioleate,
de:füllung-mit-vanillegeschmack,
ru:сок-клюквенный,
fr:grains-de-poivre-du-sichuan,
nb:vaniljefrø,
exhausteuide-conservateur,
fr:black-mulberries,
fr:se-conserve-3-jours-ouverture-au-refrigerateur,
ro:citrațl-de-sodiu,
fr:se-conserve-deuxjours-au,
fr:conservation,
de:mikrokrista-line-cellulose,
ru:влагоудерживающий-aгент,
nb:ok-ingredienser,
by-barilla-g,
Water chestnut,
de:kräutertee,
benefiber-guarantees-your-salistaction-and-vour-monay-har,
Mascarpone,
fr:france,
Bourbon vanilla beans,
fr:fromage-suisse-a-pate-molle,
Horse meat,
fr:noir,
es:composicion-centesimal,
g,
hydrolysed-maize-and-soya-protein,
ja:ビタミンｂ２,
hard-ripened-cheeses,
flacour,
de:maiskorn,
pl:kluski-ryżowe,
fr:conjonctif-de-canard,
fr:marrube,
it:famigliola-gialla,
it:sui-prodotto-finito,
fr:sauce-soja-sans-gluten,
synthetic-beeswax,
koolhydraten-970-dont-sucres,
E1101,
fr:90-mm-cat-1,
ru:оваренная-ля-сыра-с-ветчиной,
fr:farine-de-seigile,
fr:mo-monteux-vaucluse-france-www,
farine-de-ble,
glucose-smug-and-traditional-drink,
processed-in-citric-acid-and-sodium-benzoate,
de:aus-mitch,
fr:Graisse de porc,
white-tea,
Cheese flavouring,
ro:legume-deshidratate,
the-ingredients-highlighted-can-provoke-gras-reactions-in-allergic-and-intolerant-people,
fr:eclats-de-pistache-caramelisees,
valeyr-nutritive-movepne-pat,
fr:boyau-comestible-de-porc,
fr:contient-des-sucres-naturellement-presents-idees-recettes,
fr:liquide-de-couverture,
Almond flour,
fr:epautre-souffle,
it:lactoserum-en-poudre,
fr:poulet-separe-desossee-mecaniquement,
nl:bio-paprika,
Crocant,
fr:ch,
de:ricotta-käse,
Kefir,
fr:a-la-mise-en-oeuvre,
orange-juice-without-added-sugars-nutritional-values,
fr:viande-e-boeuf,
de:jalapeno-chili,
de:vollkornhaferflocken-kleinblatt,
fr:poivron-bicolore-cal-70,
beef-collagen,
fr:ce-produit-contient-60-de-pate-et-40-de-garniture,
nb:fedtfattig-kakao,
es:aceite-de-semillas-y-oliva,
Turmeric powder,
eqg,
de:jodiertes-speisezalz,
de:piri-piri-pfefferschoten,
fr:Agent crémeux,
cow-s-pasteurized-milk,
de:pflanzentette,
eau-de-source,
fr:grappa,
fr:Crevettes décortiquées,
fr:2-5-tansforme-de-mais,
lecithine-de-soja,
Syrah,
ro:extract-de-țelină-și-praz,
de:modifizierte-starke,
Marc de Bourgogne,
fr:sauce-a-la-parisienne,
nl:vet-dont-acides-gras-satures,
Algae extract,
Pork belly,
fr:lai-cru-entier-de-brebis,
fr:tef-f-ogts-et-gefere,
de:molkefermenten,
fr:ei-50d,
fr:melange-cereales-fruits-rouges,
fr:gras-de-porc-francais,
11-2-proteins,
Sifted tomato,
Spices and spices extracts,
baby-chard,
Bran,
Wild rocket,
de:schafssaitling,
fr:25-a,
fr:melange-de-fruits-exotiques,
ro:batoane-de-vanilie-bourbon,
fr:21,
cs:Smažený lilek,
ru:вкусоароматическая-добавка-сливочная,
zh:脂肪酸甘油脂,
fr:d,
ro:ingrediente,
ru:бета,
sv:rapsolja-och-fullhärdat-rapsfett,
fr:colin,
fr:extrait-d-olive,
de:kohlensaure,
de:emulgator-sojalecithin,
cereales,
fr:de-l-eau-de-cuisson,
Smoked cooked lardoons,
fr:بنزوات-الصوديوم-e211,
fr:ce-produit-ne-convient-pas-aux-personnes-atteintes-de-galactosemie,
de:arome,
fr:stqfe-ln-best-oefore,
soybean-oi,
fr:منكهات,
ru:улучшитель-теста,
fr:extrait-de-racine-d-angelique,
fr:Épices moulues,
Puffed cereal,
Lean duck liver,
hu:szárazbab,
ja:パプリカ色素,
fr:dan-on-com,
de:keka-ttver,
fr:Aiguillette de poulet,
Quail,
fr:anis-2-o,
tatal-hardness-39-656-mg,
fr:issue-de-fruits,
acesulfame,
zh:小麥澱粉,
Coconut milk powder,
fr:gesier-de-canard-maigre,
es:callos-y-patas-de-vacuno,
Fish gelatine,
vegetable-soy-and-corn-hydrolysate,
ru:рафинированные-растительные-масла,
fr:origanum-vulgare,
de:hergestellt-mit-mikrobiellem-lab,
de:l,
Exhausted vanilla seeds,
ja:エビとたっぷり野菜,
Crab,
de:kakaocremefüllung,
nb:fettreds-kakao,
hu:vitamins,
fr:b-carotene,
ja:調味料（アミノ酸等）,
fr:pour-agneau-rogan-josh,
fr:acidophilus,
Orange blossom flavouring,
palm-vegetable-oils,
European anchovy,
fr:crabe-vert,
de:skipjack,
fr:de-chene-et-de-caryer,
cs:švestkový-destilát,
Mature cheddar,
it:contient-gluten,
fr:potimarrons-du-val-de-loire,
rosemary-seasoning,
fr:controlee,
piment-vinaigre,
ru:натуральный-краситель-бета-каротин,
E900a,
fr:Riz thaï long grain de qualité supérieure,
fr:sel-vinaigre-de-cidre-de-pomme,
de:natürliches-minzenaroma,
fr:matiere-seche-issue-du-lait,
fr:lait-et-creme,
Pecan nut,
energy-rtificial-colours-and-flours-oritus-flavour-jelly-wit-swee-say-yes-todding-w-us-at-at-kl-for-pot-20,
Chicory root,
fr:Base aromatisante fromage,
it:granuli-di-patata,
Dandelion,
fr:Plantes aromatiques déshydratées,
fr:traces-eventuelles-d-ceufs,
Ergocalciferol,
sv:fiber-från-sockerbeta,
fr:noirmoutier-et-guerande,
fr:elabore-et-mis-en-bouteilleenv-france-dingswaarde,
hu:usturoi-deshidratat-pudră,
fr:farce-aux-legumes,
E1201,
Whole almonds,
Broccoli,
cream-milk,
it:fermenti-lattici-specifici-vivi,
de:vollmilchpuiver,
Walnut kernel,
fr:icorrespond-a-13-de-noisettes-broyees-dans-la-pate-de-noisettescacao,
ru:улучшитель-хлебопекарная,
fr:Jaune d'œuf liquide pasteurisé,
fr:jaune-d-oeuf-issu-de-poule-elevee-en-plein-air,
fr:Miel de sapin,
de:Karottenpulver,
de:säuerungsmittel-äpfelsäure-farbstoff-e171,
fr:edulcolorants,
fr:pepites-a-base-de-fruits,
fr:remplacez-l-agneau-par-des-blancs-de-poulet-eminces,
bg:Екстракт от какао,
fr:45,
ru:сок-яблочный-концентрированный,
Manganese,
ru:nacl,
nb:nettopaino-on-kuitenkin-aina-1-1-kg,
fr:mini-cone-chocolat,
de:schafgarbe,
fr:flocons-d-orge-flocons-de-ble-malte-grilles,
Butter natural flavouring,
su,
Angus beef,
fr:marrons-glaces,
fr:300,
zh:維生素-c-鈉監,
energy-280-kj,
lemon-curd,
fr:huile-de-tournesol-aromes-naturels,
de:karamellisierte-und-gezuckerte-kondensmilch,
Fresh onions,
fr:Miel de sapin récolté en France,
Peanut flour,
ja:魚粉,
Duck gizzard,
de:getrocknete-berberitzen,
Natural yeast,
fr:lait-thermise-de-chevre-entier,
potato-starch-and-powdered-cellulose-added-to-prevent-caking,
E132,
fr:cola-totalement-hydrogene,
de:vollbier,
de:kakaonmasse,
Egg protein,
Vitamin K,
fr:batonnet-sorbet-mangue-jus-de-la-passion-enrobage-fruits-exotiques,
46-carbohydrates,
fr:algue-arame,
Wild rice,
fr:ingredients,
zh:砂糖,
Organic tomato,
fr:les-personnes-souffrant-d-hypertension-doivent-eviter-toute-consommation-excessive,
fr:peche-en-atlantique-nord-ouest,
hu:komló-készítmények,
fr:appellation-cotes-du-rhone-certifiee,
fr:jus-de-peche-et-arome,
de:natürliches-zitronen,
Poultry liver,
ro:carne-de-gâscă,
emulsifiants-et-aromes,
ro:pudră-de-tomate,
nestle-milo-breakfast-cereal,
nutrition-information-typical-value-energy-fat,
Black pepper extract,
Cooked green lentils,
Round rice,
fr:Échalote déshydratée,
ru:вещество-для-обработки-муки,
colour-160a,
fr:Poudre au beurre,
pl:imbir-w-proszku-czerwona-papryka-chili-mielona,
ro:zer-dulce-praf,
nb:vekaopulver-sd-innehållet-sjunker-hop-under-transport,
fr:contient-au-minimum-49-d-huile-de-colza,
de:marillenpüree,
Marigold,
it:farine-integrali,
DL-alpha tocopheryl acetate,
fr:Blanc d'œuf frais,
fr:ingredients-riz-blanc-precuit,
de:natriumnitriit,
fr:aromes-dont-arome-de-peche-de-vigne,
sv:Lågpastöriserad mjölk,
fr:pologne,
do-not-use-if-printed-inner-seal-imprinted-with-sealed-for-your-protection-is-broken-and-missing,
raising-agent-e450,
de:1-bourbon-vanillepulver,
fr:creme-fraiche-6-1-poireaux,
ru:молоко-восстаноленное,
dietary-supplement,
fr:voir-sur-le-bouchon,
fr:triphosphate-de-pentasodium,
fr:g-glucides-15,
fr:vinaigre-de-vin-rouge-au-jus-de-framboise,
fr:graines-de-tournesol-basilic,
fr:ingredients-100-jus-de-pomme,
Wholemeal rye groats,
ro:cu-conținut-scăzut-de-grăsime,
fr:5-de-vodka,
de:verdickungmittel-johannisbrotkernmehl-und-pektin,
Cod liver,
fr:Intérieur cône,
fr:sauce-aux-epices,
fr:Mélange de pâtes alimentaires cuisinées,
fr:Viande de poulet rôtie,
fr:distribue-en-fra-e-par-maxi-sec,
de:naturhopfendolden,
ru:сайра,
fr:ferments-lactiques-dont-lb,
fr:figues-violettes,
fr:chair-et-puree-de-tomates-pelees,
Deep-sea shrimp,
fr:cookie-pepite-de-chocolat,
fr:cloruro-di-potassio,
voir-le-fard-j-ten,
Phylloquinone,
min,
Dried vegetables,
fr:jus-concentre-de-fruits-de-la-passion,
less-than-2-of,
fr:os-et-extrait-de-veau,
it:ingredienti,
mono-and-diactyl-tartaric-esters-of-mono-and-diglycerides-of-fatty-acids,
fr:nitrite-de-sodium-epaississant,
beel-stock,
it:sfoglia,
fr:Sorbitols et glycérol,
fr:couleur,
huile-vegetale,
arabische-gomt-tragantgom,
fr:poivrons-rouges-jaunes-et-verts,
conservante-e202,
fr:Purée et pulpe de tomates,
96,
it:arome-vanille,
ro:unt-de-cacao-10,
de:mildgesäuerte-butter,
ja:油揚げめん（小麦粉,
soup-mix,
fr:Huile végétale raffinée,
de:kaltegepresst,
and-r,
it:uvetta,
contient-des-stabilisants-autorises,
fr:huile-vierge-de-lin,
it:trattato-con-alcol-etilico,
E336i,
304,
fr:anis-vert-grains,
fr:moulue,
fr:Maltodextrine de blé,
fr:sucre-grain,
it:yogurt-intero-con-fermenti-lattici,
Green olive,
fr:olives-vertes-denoyautees,
ru:вода-минеральная-питьевая-природная-столовая-гидрокарбонатная-кальциево-магниевая,
nl:zout-calcium-fr-5-119-002-ce-abdij-bel-for-all-for-good-pour-100-g-per-100-g-1385-kj,
de:schwarzes-johannisbeer,
fr:antiossidante,
fr:tabasco,
it:pholiota-nameko-mutabi,
fr:riz-de-type-japonica,
fr:riz-complet-6,
fr:pp,
glut-y-and-dairy-produced-in-a-facility-that-also-processes-products-containing-eggs,
tocopheryl-acetate,
Ginseng,
de:füllstoff-mikrokristtaline-cellulose,
Hydrogenated palm oil,
dhal,
monoglycerides,
fr:jus-de-pomme-5,
fr:ouille-d-olive,
xx:parmigiano-reggiano-dop,
cheese-grana-padano-dairy,
de:tannenhonig,
cow-s-skimmed-milk-powder,
fr:organisme-genetiquement-modifie,
ru:сладкая-пищевая-смесь-мармикс-25,
avoine,
fr:citrate-de-sodium-conservateur,
ru:кондитерская-декоративная-посыпка,
de:salami,
Chum salmon,
fr:de,
Alaskan Pollock fillet,
fr:matiere-grasse-de-lait-anhydride,
Kvass wort,
de:himbeergeist,
www-pastiglieteone-com-pastigtieleone-lot-no,
es:Bifidobacterias y otros fermentos lácticos,
fr:semoule-de-ble-dur-de-qualite-eau,
Natural cocoa flavouring,
Crème fraîche,
fr:sesame-et-sesame-noir,
Feta,
Malt flour,
ru:гречневая-крупа,
fr:Jus de raisin rouge,
ru:e124,
65-ml,
fr:rhamnosus,
fr:haricots-noirs-fermentes,
fr:ferments-lactiques-selectionnes-dont-bifidus,
ro:usturoi-uscat,
zh:白毫烏龍茶,
Burnet,
fr:arome-amande-amere,
nb:risstivelse,
xx:caglio,
Onion flavouring,
e475-flavoring-dried-glucose-syrup-dried-skimmed-milk-stabiliser,
fr:tillia,
sv:med-emulgeringsmedel-sojalecitin,
fr:el,
fr:fonds-de-tarte-et-crumbles,
it:otio-di-semi-di-girasole,
Selenium,
fr:jus-lacto-fermentes-de,
zh:鹿角菜膠,
butteroil-from-milk,
fr:plata-base-de-haricots-aux-tomates-et-piments-fumes-0-lngredienetomates,
it:pane-all-avena,
fr:Viande de porc traitée en salaison,
Finegrained salt,
fr:billettes-de-riz-soufflees,
fr:pimenton-de-murcia-dop-et-pimenton-de-la-vera-dop,
de:bestreuung-in-veränderlichen-gewichtsanteilen,
fr:epaissisants,
fr:Poulet traité en salaison,
fr:lltte-qae-tica-n,
cocoa-nibs,
vegetable-glycerol,
ro:fibră-vegetală-de-bambus,
pickles-flavour,
Lasagne,
their-products,
de:bonat,
fr:vanillie,
American lobster,
fr:cuisse-et-filet-de-poulet,
fr:iagredients,
de:tomatenpaprikastreifen,
zh:調味粉,
fr:porto-ruby,
fr:lait-de-brebis-et-chevre-pasteurise,
fr:lait-bovin,
fr:vinaigre-de-vin-rouge-eleve-en-fut-de-chene,
fr:Bonbon au cacao maigre,
es:goma-xantaną,
fr:infusions,
de:l-histidin,
vit,
de:korkuma,
ro:cartofi-pudră,
de:rote-bete-saft-1,
de:dont-jambon,
de:kase-brotzeitbeißer-werden-aus-111-g-schweinefleisch-und-14g-emmentaler-hergestellt,
fr:farine-deble-poudre-de-lact-entier,
fr:Marinade barbecue,
whey-milk,
Coppa,
fr:billes-de-cereales-croustillantes,
de:dinatriumguanyat,
buttermilk-powder-from-milk,
fr:monophosphate-de-calcium,
fr:arome-de-malte-d-orge,
Beef extract,
Whole kefir,
pl:suszona-kolendra,
ru:ядра-семян-подсолнечника,
Rosé wine,
de:nativ,
fr:pain-moelleux-garni-d-une-saucisse-de-strasbourg-accompagnee-d-oignons-frits,
epaissjssants,
kelel,
protein-blend,
de:erfrischungsgetränk-mit-citrusgeschmack,
fr:Purée de tomates reconstituée,
Mate,
fr:fromage-de-chevre-affine,
fr:sale-a,
hu:piper-alb-pudră,
ja:大豆食物繊維）,
fr:jus-concentre-de-peche,
ru:молокосвёртывающего-фермента-животного-происхождения,
fr:irlandia,
fr:cafe-moulu-en-dosettes-individuelles-souples,
fr:Œufs extra-frais,
fr:infusion-de-the-vert-a-base-d-infusion-forte,
fr:contient-des-ingredients-du-ble-et-de-l-orge,
fr:huilde-de-tournesol,
hu:chili-paprika,
E155,
it:succhi-e-puree-di-frutta,
ham-costs-of-label-rouge-pork,
fr:chaluts,
fr:jus-concentre-de-pommes,
it:spezie-e-pianta-aromatica,
fr:fromage-italien,
farine-de-mais,
fr:non-reference-avant-ie,
ru:мука-пшеничная-о-назначения-типа-м55-23,
fr:piments-mixndes,
fr:pectine-de-fruits-jus-de-citron-concentre,
Pink salmon,
de:wassel,
may-contain-peut-contenir,
ro:proteină-animală-din-porc,
de:räuchertofu,
ro:pectine,
black-kalonji-seed,
fr:raisins-sultana,
it:salsa-rosa,
ro:agenți-de-creștere,
E228,
it:del-peso-dichiarato,
zh:抗氧化劑,
fr:encre-de-seiche,
Natural tarragon flavouring,
bergamotaroma,
Prunes from Agen,
Horse,
hu:tepertő,
de:farbstoff-ammonsulﬁt-zuckerkulör,
fr:sirop-de-fructose-de-mais,
fr:farine-de-cookie,
Smoked salt,
canola-in-varying-proportions,
fr:aromi,
it:dextrose,
ro:tapioca,
de:emulgator-sonnenblumen-lecithine,
fr:james-s-gate,
fr:vert,
fr:un-arome-naturel-de-fromage-dans-les-cubes-chevre,
de:sübmolkenpulver,
fr:ingredients-viande-de-boeuf,
xx:acqua,
zh:麥芽糊精,
de:entialten,
ru:капуста-морская,
fr:fume-naturellement-au-bois,
fr:blackcurrant,
Skimmed cocoa powder,
fr:2-raisins-presses,
fr:rocamadour,
fr:salade-verte,
the-equivalent-of-426ml-of-fresh-liquid-milk-in-every-227g-of-milk-chocolate,
it:sul-prodotto-finito,
fr:pommes-de-terre-du-val-de-loire,
collegno,
de:grüner-mateextrakt,
E341iii,
de:geliermitteln,
fr:amidon-content,
ro:fosfați-de-potasiu,
and-yeast,
ro:agenți-de-afânare,
diglycerides-of-fatty-acids,
fr:agent-epaissisants,
de:edamer-40-fett-i,
de:wasser-sojasauce,
ro:făină-albă-de-grâu-650,
fr:cal-100,
E540,
ro:lapte-de-vaca-pasteurizat,
fr:Viande et gras de porc,
fr:sel-marin-gris-alimentaire,
apple-filling,
fr:n20,
sesamzaad,
fr:levain-de-seigle-deshydrate-desactive,
fr:pate-de-mure,
fr:polyglycerides-d-acides-gras,
Citrus fruit extract,
nb:g-jauhe-painuu-kasaan-kujetuksen-aikana,
de:verdickungsmtel,
bamboo-shoos,
fr:sans-sucres-ajoutes-conformement-a-la,
fr:corn-starch,
nb:rypälesokeri,
fr:semoule-semi-complete-de-ble-dur,
de:weinbranntweinessig,
fr:royaume-uni,
fr:jeunes-pousses,
fr:b3,
Bitter almond,
nb:aromi,
mỏdified-tapioca-starch,
E1441,
fr:foule-de-manioc,
Caramel flavouring,
actic-acid,
ru:экстракт-перца-черного,
ru:e133,
fr:miels-d-acacia-originaires-et-non-originaires-de-l-ue,
it:acido-iattico,
hu:gabonaőrlemények,
fr:infusion-de-the-vert-matcha,
Müesli,
nb:raddryckspulver,
Gingerbread,
fr:bulots,
fr:amidon-de-nz,
de:unraffinierter-rohrzucker,
mixed-e307b,
Surimi,
de:stabilisator-johannisbrotkernmehl,
fr:Tomates semi-séchées,
fr:extrait-sec-lactique-degraisse,
hu:fehérbab,
de:l-histidin-hydrochlorid,
de:kckc,
fr:viande-de-porc-iberique,
charbon,
fr:Jaune d'œuf frais,
c,
it:vova-pastorizzante,
Vanilla powder,
ask-a-health-professional-before-use,
de:cystein-hydrochlorid,
de:marillensaft-aus-marillensaftkonzentrat,
xx:quot,
fr:monopropylene-glycol,
de:chia-samen,
Mung bean sprout,
Morels,
de:gelbe-und-braune-leinsaat,
hu:savanyúságot-szabályozó,
de:blaubeersaft,
pl:dodatki-smakowe,
mono-and-diglycerides-of-fatty-acids-mono-and-diacetyl-tartaric-acid-esters-of-mono-and-diglycerides-of-fatty-acids,
Ginger powder,
fr:creme-de-bresse,
fr:dont-13-de-chevre-dans-les-cubes-chevre,
ru:заменитель-масла-какао-нетемперируемый-лауринового-типа,
ttah,
fr:Moût de raisin concentré rectifié,
Honey from Spain,
de:7-sonnenblumenöl,
de:karamellzubereitung,
silica-dimethyl-silylate,
fr:sirop-de-fructose-a-haute-teneur,
de:zitrusöle,
fr:eau-minerale-naturelle-ain-saiss,
fr:chocolat-noir-valrhona,
de:natriumcitate,
Spiny lobster,
wheat-dextrin,
Rose water,
it:verdure-e-carne-di-manzo,
de:natural-celery-and-onion-aromas,
Semi-skimmed cow's milk,
fr:euf,
sv:modifierat-majs,
it:funghi-misti,
E151,
fr:pavot-3396,
fr:cetate-de-dl-alpha-tocopherol,
de:hähnchenfett,
palm-oils-kernel,
fr:Viande bovine hachée,
de:mindeston,
fr:farine-de-ble-t45-type-00,
sv:socker-fullhårdad-kokosolja,
Vegetable blend,
fr:Lentilles vertes précuites,
it:kio-e,
fr:bloc-de-foie-gras-de-canard,
fr:riz-rouget,
fr:extrait-de-mais-et-d-orge-maltee,
Verbena,
fr:arome-naturel-gout-vanille-beurree,
ja:炭酸ｃａ,
fr:malte,
ru:мука-из-твёрдой-пшеницы-для-макаронных-изделий-высшего-сорта,
de:gefüllt-mit-feiner-candy-creme,
E472d,
fr:certifie-par-ch-blo-004,
Vanilla ice cream,
de:Saatenmischung,
ru:краситель-β-каротин,
Varietal,
ru:бактериальный-концентрат-5a,
fr:orange-douce,
clara-de-huevo-de-gallina-pasteurizada,
Espelette chili pepper,
de:halbfettstufe,
Argentine shortfin squid,
fr:teneur-en-legumes,
Extra mature cheddar,
for-freshness,
it:agenti-ener-lievitanti,
fr:0-8-9,
hu:tőkehalmáj,
fr:jus-concentre-d-ananas,
Cherry juice,
Spinach powder,
fr:emulsionnant,
acqua,
ro:smântână-praf,
fr:Flocons d'épeautre,
de:mindestens-48-0179947-472-fett-i-tr,
fr:graisses-vegetales-non-hydrogenees-de-palme-et-de-coprah,
de:in-scheiben,
Apple pieces,
fr:dextrine-de-pommes-de-terre,
it:puo-contenere-tracce-di-altra-frutta-a-guscio,
ig-stion-preservatives,
Ceylon cinnamon,
it:gluten-de-ble,
es:leche-concentrada-reconstituida,
nb:1-kg,
77,
de:jogurt-mild-as-entrahmter-milch,
Turkey breast,
de:lucker,
fr:viande-et-george-de-porc,
fr:vin-d-alsace-riesling,
chlorophylle-cuivrique,
it:orzo-solubile,
Dried fig,
fr:pertoog,
Calcium pantothenate,
sv:sorbital,
fr:huile-de-cocot,
ru:сок-малины-концентрированный,
fr:epeautre-complet,
Glutinous rice,
fr:farine-de-mais-lt,
palmisti-and-illipe,
de:emulgator-lecitnine,
coriander-flake,
fr:graines-de-soja-depelliculees,
Retinyl palmitate,
Black beans,
Glucose-fructose,
fr:dextrose-sel-vinaigre-vinaigre-de-vin-persil-moutarde,
fr:tenir-au-frais-et-au-sec,
fr:jus-de-citrons-bonne-maman-buckes-durt-sucpe-pares-proences-59-g-concentre,
fr:conjonctif-de-porc,
ro:faină-de-grâu,
fr:Jus concentré de fruits rouges,
sv:nötköttextrakt,
it:gamberetti-boreali-pandalus-borealis,
breadmeal,
propylene-carbonate,
fr:miel-d-oranger-de-valencia-originaire,
nb:o-ainekset,
ru:бактериальный,
Cardamom seed,
vimto-flavouring,
E340i,
poudre-de-lait-ecreme,
ro:icre-hering,
fr:gruau-d-avoine,
de:gerôsteten-erdnüssen,
prebiotic-tapioca-fiber,
fr:Concentré de carotte,
fr:petales-et-feuilles-de-tournesol,
fr:eneroie,
Crudités,
Bolognese sauce,
zout-000389-le-poids-moyen-d-une-pastille-est-de,
matieres-grasses,
fr:minimum-dans-le-chocolat-au-lait-cacao,
less-than,
Roasted coffee,
fr:farine-de-ble-malte-toaste-lt,
hu:ételízesítő,
fr:c02-agent-de-carbonatation-iv-colorant-acide-citique-regulateur-de-l-acidite-benzoate-de-sodium-agent-de-conservation,
actual,
fr:curcumin,
Meadowsweet,
de:sojaeiweib-lsolat,
fr:le-chocolat-utilise-est-un-chocolat-pur-beurre-de-cacao,
Tapioca syrup,
ro:ulei-vegetal-nehidrogenat-de-palmier,
nb:19-fettreducerad-kakao,
cocos,
Garlic extract,
it:gamberetti-in-salamoia,
zh:乳化劑,
Very fine green beans,
ja:ｐｈ調整剤,
Spring water,
fr:dont-10-orange-et-mandarine,
natural-and-nature-identical-flavourings,
Strong Dijon mustard,
fr:sorbet-fraises-et-framboises,
ro:lapte-de-vacă-pasteurizat-la-temperatură-înaltă,
fr:elderberry,
fr:anchois-peches-en-golfe-de-gascogne,
ja:魚介調味油,
fr:587888-cw,
ro:ulei-de-nuci-de-cocos,
it:preparato-alla-vaniglia,
sour-dough,
de:babymais,
de:baumwohlsaatöl,
Whey permeate,
fr:4-fraise-ecrasee,
zh:二氧化矽,
added-to-preserve-freshness,
sugar-dehydrated-garlic,
nb:med-emulgator-sojalecithin,
huile-de-sesame,
Stuffed pasta,
fr:of-wnicn-saturates-i9g,
the-noir,
Wheat cakes,
fr:peche-de-vigne-23-jus,
White wine extract,
fr:ecorce-naturelle-d-orange,
it:trattato-con-alcol-ettilico,
de:stabiliator-johannisbrotkernmehl,
de:tilsiter-in-scheiben,
Whole spelt,
es:min,
fr:issu-de-lait-de-vache,
mono-and-diglicerydes-of-fatty-acids,
fr:sel-ferments-coagulants,
de:meeresrotalge,
de:natürlicher-ingwer-extrakt,
627,
de:milcheiweibkonzentrat,
de:enn-bei-übermàbigem-verzehr-abführend-wirken,
rapeseed-lecitins,
ja:ねぎ,
fr:certains-ingredients-de-ce-produit-ne-proviennent-pas,
nb:vähärasvainen-kaako,
de:zuckeraprikosen,
mineraux,
fr:poitrine-de-porc-issue-d-animaux-eleves-sans-traitement-antibiotique-des-la-fin-du-sevrage-et-nourris-sans-ogm,
fr:infusion-de-the-vert,
fr:saupoudres-de-farine-de-riz,
de:teilentrahmte-milch-uht,
milk-chocolate-contains-min,
tamper-evident-feature,
product-in-italy-name-and-brands-invariably-filed-within-the,
de:Orangeschalenextrakt,
free,
fr:reference-intake-of-an-average-adult-1-apport-de-reference-pour-un-15gl-contient-portions-de,
fr:dont-pulpe,
xx:correttore-di-acidità,
fr:thiamine-monoitrate,
Skimmed cows milk,
ro:carne-de-pasăre,
fr:imental-es-5,
peut-contenir-des-traces-de-cacahuetes-et,
fr:traces-eventuelles-d-oeufs,
fr:coscia-di-suino,
it:oligominerale,
de:mehlschwitze,
Whole wheat,
ja:加工でん粉,
Yellow onion,
alumina,
Pistachio nuts,
de:mars,
fr:primevere,
hu:virágméz,
de:kräter-der-provence,
fr:helianthus-annuus,
ru:ароматизатор-крабовый,
fr:cacao-en-poudre-fine,
ro:substanță-uscată-de-cacao,
ro:făină-albă-de-grâu,
ro:corectori-de-aciditate,
ru:регулятор-кислотности-кислота-уксусная,
Cured cheese,
zh:棕櫚油,
ale,
fr:soja-de-farine,
Sesame paste,
it:cet-emballage-contient-8-portions-de-60g-environ,
tarwemeel,
rapeseed-oil-potato-starch-water-cornflour-thickener-e1422-palm-oil-dried-whey,
gemiddelde-satures,
fr:preparation-de-poisson-pane,
it:preparato-di-verdure-disidratate,
de:leinsamen-hell,
fr:preparation-mousseline,
fr:voir-goulot,
it:germe-di-grano-tenero,
verdikkingsmiddelen,
it:marsala,
fr:huile-de-soja-raffinee,
fr:traces-de-cereales-contenant-du-gluten,
ru:кусочки-сушеного-яблока-в-рисовой-масло,
de:fumet,
fr:sauce-cremeuse,
milk-derivative,
fr:fromage-blanc-au-lalt-pasteurise,
de:tuna,
fr:preparation,
de:ckfrs-milchschokolade,
fr:ressins,
fr:concentres-de-mineraux-du-lalt,
de:essigzubereitung,
fr:epaule-de-porc-preparee,
bacon-and-egg-bites-contain,
fr:puree-de-goyave-blanche-a-base-de-concentre,
Fenugreek leaf,
nb:socker,
fr:sur-le-total,
fr:Cacao en poudre fortement dégraissé,
vegetable-stabilizer,
including-natural-extracts-of-fruits,
ro:lapte-degresat-reconstituit,
ro:icre-tarama,
ru:рисовая,
fr:ble-tendre,
Sorghum,
ru:эмульгатор-цитрат-натрия,
Wafer,
fr:bigarreaux-colores-avec-e127,
fr:peche-de-vigne,
de:natriumnitritt,
Ribwort plantain,
Traditional free-range chicken,
fr:extrait-de-vanille-madagascar,
butter-sauce,
fr:coeurs-de-confiserie,
calcium-panthothenate,
de:zwie-beln,
de:e-19-06-2018-rt,
ro:brânză-emmental,
de:sekerpare,
fr:puree-de-manque,
ru:добавка-пищевая-комплексная,
Melted Emmental cheese,
disteardimonium-hectorite,
E341i,
chicken-seasoning,
ro:cacao-cu-conținut-redus-de-grăsime,
beef-bouillon-beef-gelatine,
vitamines,
fr:rhum-dore-traditionnel,
fr:herbe-de-ble-moulue,
fr:homogeneise,
fr:louis-martin-82-chemin-de-la-buire-net-total,
Chestnut flour,
ru:чный,
Snail,
cal,
glucides,
de:Aroma Koffein,
beet-root-powder,
fr:max,
fr:morus-nigra,
soya-lecithin-e322,
hu:eritroaszkorbát,
de:trìnkwasser,
fr:flocons-de-pomme-de-terre-gt,
ro:sara-iodată,
grade-a-reduced-fat-milk,
de:haselnus-eme-scias-reisgrieb,
e,
hu:súritett-paradicsom,
hu:ingrediente,
rapeseed-vegetable-oil,
Soya bean paste,
ro:citrați-de-sodiu,
fr:de-soja-et-de-fruits-a-coque,
fr:issus-d-huiles-vegetales,
it:sole,
es:solidos-totales,
fr:chorizo-et-jambon-cru,
Mediterranean salt,
piri-piri-seasoning,
hu:vöröshagyma-pép,
it:caffe-in-polvere-0,
fr:presure-caprine,
it:farina-di-girano-tenero-tipo-0,
Hard cheese,
fr:farine-de-quinoa-royal,
fr:vin-blanc-vendanges-tardives,
de:brandy,
fer,
fr:piments-verts-doux-marines,
Ground roasted coffee,
fr:rhizoma-kaempferiae,
Propellent gas,
de:leinsamen-dunkel,
it:zucchero-grezzo-di-canna,
E518,
fr:Crème de riz,
Sea-buckthorn,
fr:see-packaging-voedingswaarde-per,
ru:хлористый-натрий-gt,
fr:emulsifier,
nb:ok-indholdet-synker-sammen-undertransport,
active-yogurt-cultures,
it:olio-di-oliva-di-categoria-superiore-ottenuto-dirattamente-dalle-olive-e-unicamente-mediante-procedimenti-meccanici,
sv:cocos,
fr:ingredtents,
Orange leaves,
fr:huile-de-cameline-vierge,
Fruit puree,
fr:rechauffer-2-a-3-minutes-a-la-casserole-a-feu-doux,
it:crusca,
hu:pritaminpaprika,
it:biscotto-ai-4-cereali,
parfum-naturels,
fr:mattodextrine,
fr:flavonoides,
de:andorn,
fr:farine-de-mais-sucre-sel-extrait-de-malt-d-orge-emulsifiant,
fr:scandinavie,
ja:昆布エキス,
de:feuchthal-temittel-glycerin,
de:mini-wassermelone,
sv:salt-gt,
fr:veronique,
de:bandnudeln-gegart,
de:melisse,
Rye flakes,
ro:cașcaval,
minimum-31-cocoa,
Sweetmint,
de:gurkenpüree,
fr:oeufs-par-kilo-de-semoule,
de:rindflesh,
Cheese sauce,
fr:demi-gras,
hco-420,
Phosphate,
Comté,
fr:jus-a-base-de-concentre-et-extraits-de-citron,
flakes,
de:mungbohnenstärke,
ci-77891,
ro:amidon-modificat-din-cartofi,
fr:Glucose de blé,
fr:haricots-rouges-kidney,
Barley flakes,
fr:sorbet-cassis,
E460ii,
ci-77499,
fr:raisins-au-rhum,
fr:raclette,
de:marille,
ru:масло-рапсовое,
ro:caroteni,
de:in-eigenem-saft-und-aufguss-tuna,
Rocket,
fr:preparation-a-base-de-cacao,
E129,
fr:riz-sauve-ingredlents-agricoles,
fr:moules-decoquillees-4,
de:camembert,
fr:conservante,
fr:achillee,
fr:420q,
Yellow corn,
de:färbendes-lebensmittel-rote-beetesaftkonzentrat-und-holundersaftkonzentrat,
de:orangenweinbrandlikör,
fr:poireaux-45-pommes-de-terre,
fr:bulgarie-et-roumanie,
fr:arbonates-de-sodium,
fr:une-consommation-excessive-peut-avoir-des-effets-iayatifo,
Brown beans,
Ananas flavouring,
Highly fat reduced cocoa,
fr:banane-cavendish-categorie-1-calibre-14cm-mini,
fr:ascorbato-di-sodio,
fr:Pâte de praliné,
Vanilla seeds,
fr:fumee-de-bois-d-erable,
de:zitronensaftkonzentrat-natürliche-zutaten,
de:weiße-joghurtschokolade,
ru:моно,
acidifiant,
zh:茶葉萃取物,
fr:peche-en-ocean-atlantique-centre-est,
fr:whiskey,
fr:acidity-correctors,
Soluble fibre,
Mechanically separated meat of turkey,
de:original-jamaica-rum,
xx:sale-di-fusione,
fr:Légumes verts,
Rose hip,
331,
fr:creme-dessert-au-chocolat-ingredients-lait-entier,
fr:enzymes-coagulantes-naturelles,
ro:ardei,
de:schinkenbrühwurststreifen,
de:vanille-aroma,
fr:grillees-et-hachees,
fr:de-production-etrangere,
fr:panais-du-val-de-loire,
fr:maigre-et-gras,
red-cane-sugar,
it:5-nel-prodotto-finito,
ro:proteină-vegetală-de-soia,
E444,
262,
it:sodio-nitrito,
E425,
fr:cithines-de-soja,
Sheep,
de:schweinehinterschinken,
nl:bio-azijn,
fr:dates-du-jour-de-ponte,
zh:5-次黃嘌呤核甘磷二酸鈉,
fr:amidon-de-pomme-de-terre-sel,
Thaï brown rice,
ru:сокосодержащая-основа,
natural-flavour-kirsch,
Lovage root,
fr:boulettes-pre-frites-a-base-de-pois-chiches-et-legumes-decongelees,
Sweet cherry,
fr:specialite-cerealiere-gout-epinard,
nl:Moutmeel,
de:reines-bourbon-vanille-aus-madagaskar,
Corn salad,
fr:Oignon grillé en poudre,
Free range chicken,
de:glutenhaltiges-getreide,
Hemp seed,
fr:pqivre,
de:natun-thunfisch-skipjack,
de:gemahlene,
ro:ciocolată,
fr:beurre-issu-de-l,
it:emulsifiant,
Rambutan,
it:inclusa-caffeina,
de:johannesbrotkernmehl,
fr:huile-d-olive-de-categorie-superieure,
Flower honey,
ru:камедь-тары,
Cumin seeds,
fr:couenne-et-gras-de-porc-issus-d-animaux-nourris-sans-ogm,
fr:sucre-de-canne-fermente,
it:riso-fino,
ru:сухой-глюкозный-сироп,
fr:traces,
fr:Miel toutes fleurs,
hu:folyékony-füstaroma,
E501ii,
fr:kcofr-fat-2-g,
de:vanilin,
fr:5-protelnes,
fr:bisque-de-homard,
fr:Sauce blanche,
Salted butter caramel,
ru:масло-подсолнечное-рафинированноедезодорированное,
fr:maltodextine,
fr:lait-des-alpes,
Linden,
fr:levure-sans-ogm,
ro:sare-mare,
white-coating,
treated-with-ethyl-alcohol-on-the-surface,
Cocoa processed with alkali,
fr:tf-ffist,
de:trennmittel-magnesiumsalze-von-speisefettsäuren,
Omelette,
fr:ingredient,
ru:малина-свежая-ипи-быстрозамороженная,
fr:citrique-e330,
copra-fat,
de:müffelmilch,
de:grün,
ro:iactat-de-potasiu,
Filtered whey powder,
fr:lait-ecreme-0,
it:copertura-al-cacao-magro,
gomme-adragante,
fr:Extrait de poisson,
Ravioli,
produced-in-the-campolungo-industrial-zone-plant,
20℅,
fr:sirop-de-glucose-caramelise,
citron,
fr:6-et-celeri-feuille,
nb:vanilin,
ru:изготовлен-из-концентрированного-сока,
fr:huile-vierge-de-tournesol,
fr:creme-33-mg,
fr:algue-calcaire-lithothamnium-calcareum,
ro:coacăze-negre-deshidratate,
fr:stearoyl-2-iactylate-de-sodium,
nb:dextrose,
fr:extrait-concentre-de-ginseng,
it:conseil-de-conservation-craint-la-chaleur-et-l-humidite,
ru:смесь-зерновая,
de:gekörnte-brühe,
de:joghurt-mild-7,
it:pane-di-farina-tipo-0,
fr:melange-de-fruits,
fr:sorbitol-syrup,
fr:sel-arome-cacao,
ru:высушенная-пшеничная-мука,
it:bref-not-germon-oriain-important,
importe,
de:backtriebmittel-natriumhydrogencar,
fr:eau-minerale-naturelle-gazeifiee-faustine,
Wheat semolina,
fr:surgele,
mango-nettle,
Sour cream powder,
fr:puree-d-ognons,
pl:pieprz-czarny-mielony,
sv:vete-gluten,
de:vollmilchschokoladeüberzug,
contient-des-cereales-contenant-du-gluten,
tron,
pasteurized-free-range-egg-sugar-blueberries,
fr:muscade-dont-lait,
soft-wheat-flour-type,
fr:perles-de-sucre,
fr:cette-puree-peut-etre-consommee,
ru:пищевые-добавки,
seasalt,
Eau de vie,
fr:amidon-de-pomme-de-terres-sel,
de:in-der-creme,
fr:rapport-collagene-sur-proteines-de-viande-inferieur-a,
fr:malt-de-millet,
fr:versez-le-contenu-dans-un-plat-pour-micro-ondes-et-couvrez-i-minute,
Zinc oxide,
fr:carmel-ordinaire,
it:farine-de-riz,
fr:miel-de-fleurs-sauvages-recolte-en-france,
concentraat-ca,
no:meierismør,
fr:peches-en-atlantique-nord-est,
Calf rennet,
ro:legume-și-extracte-de-legume,
ru:смесь-пряностей-для-корейских-салатов,
White grape juice,
essentjele-olie-van-piedmontese-pepermunt,
de:büffelmilchmozzarella,
cocoa-butter-cocoa-mass,
Habanero chili,
Fresh butter,
fr:melange-de-13-herbes-ricola-comme-extrait-25mg,
fr:irlande,
Coconut chips,
Rock salt,
de:enthält-senfmehl,
Cooked pasta,
Concentrated mushroom juice,
it:verdure,
fr:mer-du-nord,
la:Helix pomatia,
it:3-nel-prodotto-finito,
nb:suola,
rigatoni-pasta,
fr:585882-se-587888-cw,
fr:fromage-blanc-a-0-de-matiere-grasse,
fr:antioxidant,
fr:flocons-de-sarrasin-complet-precuits-a-la-vapeur,
it:farine-de-mais,
Shortcrust dough,
Millet seed,
waarvan-suikers,
pt:pode-conter,
zh:葵花油,
fr:9-farine-de-sarrasin,
fr:echalote-basilic,
fr:ail-poudre,
fr:calibre-gros,
fr:gorge-de-porc-issue-de-porc-du-sud-ouest,
fr:Miel de citronnier,
Tagliatelle,
fr:Gorge de porc,
Whole grain spelt flakes,
de:kräutermarinade,
it:malto-d-orzo-solubile,
es:para-elaborar-100-g-de-producto,
de:getränkegrundstoff,
fr:agent,
fr:cyenne,
monoglycerides-of-fatty-acids,
Rabbit,
fr:monoand-fatty-acid-diglycerides,
de:orangensaft-aus-orangen,
ru:хлопья-пшеничные,
fr:sans-graisses-hydroge,
E957,
fr:epaule,
fr:des-ingredients-sont,
fr:sorbet-framboise,
fr:specialite-cerealiere,
fr:zestes-et-jus-de-citron-frais,
starter-culture,
fr:Amidons modifiés de maïs et de pomme de terre,
fr:farine-de-riz-8,
origan,
de:buchenholzreiberauch,
fr:getamo,
fr:oignons-frits-et-sauce-facon-cocktail,
Fond,
it:latte-parzialmente-scremato-uht-a-lunga-conservazione,
de:natürliches-mineralwasser-mit-eigener-quellkohlensäure-versetzt,
contains-less-than-1-of,
ci-77491,
de:gefriergetrocknete-sanddornbeeren,
de:koriander-aus-ökologischem-landbau,
Pearl barley,
Rehydrated wheat protein,
nb:no-ingredienser,
de:getrocknete,
de:süßungsmittel-natriumcyclamat-und-natriumsaccharin,
fr:jus-et-puree-d-abricot,
fr:sirop-de-malitol,
fr:syringa-vulgaris,
fr:yaourt-0-de-matieres-grasses,
ru:соки-апельсина-и-манго-концентрированные,
Acerola juice,
fr:m,
fr:881u,
it:adulcoranti,
de:kurkumaaroma,
fr:dextrine-de-ble,
ca:carbonat-acid-de-sodi-i-difosfat-de-disodi,
Liquid sugar,
fr:comprenant-des-extraits-naturels-de-fruits,
it:zucchero-caramellizzato,
de:Getreideflocken,
fr:filets-tournants-et-souleves,
fr:en,
de:currypuler,
de:eicheln,
Sorrel,
ru:пахта-сухая,
fr:Lait écrémé en poudre reconstitué,
fr:jus-concentre-de-sureau-et-concentre-de-betterave-rouge,
fr:preparation-speciale-chartreuse-verte-des-peres-chartreux,
ru:лимонный-ароматизатор,
Lime flavouring,
fr:Pommes de terre préfrites,
fr:peche-aux-chaluts-en-ocean-pacifique-nord-ouest-et-nord-est,
hu:tapadásgátló-anyag,
ru:дистиллированные-моноглицериды,
fr:carnauba-wax,
Fish sauce,
Rice bran oil,
sv:fermenterat-vete-mjöl,
ru:стеароил-2-лактилат-кальция,
hu:gyorsfagyasztott-zöldségkeverék-változó-arányban,
fr:granule-d-oignon,
fr:malts-d-orge-et-ble,
pl:suszony-szczypior,
E418,
fr:chocolat-au-lait-aux-noisettes-gjanduja,
de:kristallisierter-zuckerrohrsaft,
zh:e471,
ru:симбиотическая-самоконсервированная-закваска-молочнокислого-симбиоза,
Chicken flavouring,
microbial-milk-coagulant,
ru:глюкоза-сироп,
dried-cane-syrup,
de:färbendes-lebensmittel-holundersaftkonzentrat,
white-chocolate-chunks,
fr:Sirop de sucres issus de fruits,
White quinoa,
polyglycol,
fr:lait-pasteurise-de-brebis,
nb:sokeri,
oxyde-de-zinc,
fr:eau-de-source-dromeline,
fr:dont-0,
fr:rosa-damascena,
fr:fromage-a-raclette,
Lamb meat,
de:tm,
sv:persikojuice-från-koncentrat,
fr:7-3-cacao-maigre,
fr:vin-blanc-bourgogne-aligote,
fr:reduisez-la-quantite-d-eau-de-moitie-et-le-temps-de-cuisson-a-20mn,
red-lettuce,
Green asparagus,
nb:g-ingredienser,
fr:b,
Pasteurised semi-skimmed cow's milk,
de:sussungsmittel,
fr:perles-de-confiserie-3-couleurs,
fr:passion-mangue,
fr:quenelles-de-volaille,
sv:vegetabilisk-e471,
ru:соль-поваренная-пищевая-выварочная-йодированная,
fr:nees,
cheddar-cheese-and-paprika-crumb,
Demerara sugar,
fr:oranges-douces,
Sequestrant,
ro:pulpă-porc-cu-slănină-și-șorici,
it:pate-de-noisettes,
Ice cream,
ro:pastă-de-tomate,
ru:лосось,
cooking-cream,
contains-less-than-1-of-corn-starch,
fr:poudes-a-lever,
fr:Miel d'oranger d'espagne,
ro:sirop-glucoză,
Strawberry flavouring,
fr:wheat-flour,
zh:5-鳥嘌呤核甘磷二酸鈉,
de:eibisch,
Natural cola flavouring,
E337,
ro:făină-de-malț-prăjit,
Lemon balm,
nl:weiroom,
de:zuckerkulör-150d,
less-than-20-ppm-gluten,
ru:сливки-пастеризованные,
de:cremepulver,
fr:fond-de-volaille-aromatise-viande-pt-graisse-de-poulet,
nutritional-value-per-100-ml-per-bottle,
contents-may-settle-during-shipping-and-handling,
it:poudre-de-lait-ecreme,
fr:creme-de-soja,
bromelain,
E450vii,
de:reinweinstein,
zinc-picolinate,
nb:vanilliini,
fr:lait-de-bufflonne-pasteurise-provenant-de-l,
fr:guanylate-et-inosinate-disodiques,
fr:huile-de-colza-5,
ru:маслосмолы-паприки,
nb:arom,
fr:bifidobacterium-lactis,
fr:destrosio,
Lithothamnium calcareum,
hu:pulykahús,
fr:sauce-soja-fermentee,
beef-collagen-casing,
cracked-coriander-seed,
fr:contient-des-sucres-naturellement-presents,
ru:ферменты-микробного-происхождения,
fr:papillons-de-confiserie,
de:colanuss-extrakt,
fr:farines-de-ble-diastasee,
nl:bio-palmvet,
de:natürliches-apfelsaft-aroma,
fr:creme-de-lait-pasteurisee-sel-3-max,
ja:七味唐辛子,
xx:sale,
cafe-soluble,
ci-42090,
fr:bvo-egokoevera-uag-lnjdairhclta-ohne-zuckerzusatzll-1-enthalt-von-natur-aus-zucker,
de:kann-mandeln-und-erdnüsse-enthalten,
live-active-cultures,
Vinaigrette,
fr:viand-bovine,
it:fermenti-latticci-vivi,
vitamin-e-for-added-freshness,
Aloe vera juice,
ru:молоко-с-сахаром,
fr:Noisettes décortiquées,
it:estratto-di-vaniglia-bacche,
de:mild-gesäuert,
Hazelnut oil,
contains-traces-of,
de:weizenmehl-type-812,
fr:vin-rouge-issu-de-vieilles-vignes-de-grenache,
barley-malt-and-corn-extract,
fr:energy-1901-kj-454,
es:masa-para-empanar,
it:granella-di-nocciola,
ro:must-din-struguri,
trimethylsiloxysilicate,
white-chocolate-chunks-contains,
de:ehrenpreis,
ro:carbonat-hidrogen-de-sodiu,
fr:bleu-dans-les-cubes-bleu,
de:Schmand,
de:homogenisiert,
fr:ribofalvine,
sv:koncentrat-av-morot-och-svartvinbär,
Coriander seed,
ru:aроматизатор,
ru:для-сыра-с-ветчиной,
it:conservante-iisozima-da-uovo,
de:essig-aus-agraralkohol,
Concentrated lemon extract,
de:chilis,
sv:juice,
Pleurotus ostreatus,
Cane sugar molasses,
ro:iaurt-partial-degresat,
fr:graisse-de-pou-et,
ru:экстракт-цикория,
fr:cire-de-camauba,
fr:jeunes-pousses-de-redchard,
de:tamarindensaft,
fr:contain-ble-entier,
0-6-fat,
Iceberg lettuce,
de:weiß,
fr:pudre-de-serum-de-lait,
Norway lobster,
ru:продукт-молочный-сгущенный-с-сахаром,
reistarke,
de:färbendes-karottenkonzentrat,
E959,
Tahini,
Lime oil,
fr:poivre-noir-baies-de-genievre-cardamome-clous-de-girofle-extrait-de-racine-d-angelique,
fr:Viande de poulet traitée en salaison,
Cassia,
fr:calibre-40,
Frying oil,
E329,
ro:piure-de-piersici,
Barley malt syrup,
Whisky,
fr:issue-de-lait-de-vache,
fr:sel-epices,
fr:totalement-hydrogenee,
sprouted-sesame-seeds,
fr:fabrique-dans-un-atelier-utilisant-egalement,
de:trennmittel-maisstärke,
di,
it:streptococcus-thermophilus-e-lactobacillus-blugaricus,
Green chili pepper,
Smoked sausage,
it:maionese-olio-di-semi-di-girasole,
E519,
pumpkin-seed-protein,
fr:miel-cremeux-recolte-en-france,
de:fructo-01igosaccharide-sirup,
vegetable-glycerin,
xx:burro,
fr:le-contenu-dans-une-casserole-tout-en-remuant,
fr:dont-42,
carmin,
ja:糖類,
fr:calvados-modifie,
it:infor-valo-noodles-istantanei-di-farina-di-frumento-e-condimento-di-salsa-di-soia,
fr:extraits-aqueux,
fr:indemnes,
Artificial flavouring,
fr:grains-de-nougatine,
fr:599-mandarines,
de:goudapulver,
Breadcrumbs,
Natural thyme flavouring,
fr:Betterave rouge déshydratée,
fr:huile-de-palme-completement-hydrogenee,
Blanches almonds,
de:épices,
it:sel,
ro:roșii-uscate,
Garam masala,
fr:gelee-decor,
es:Derivado lacteo en polvo,
fr:matieres-grasses-let-acides-gras-satcres-glgcides-sgcres-proteines,
it:pari-all-5-nel-gelato-alla-panna,
Safflower concentrate,
ro:brânzeturi,
fr:Riz rond complet,
de:Quellkohlensäure,
Wax bean,
fr:vinaigrette-au-vinaigre-balsamique,
Mild whole kefir,
E559,
ru:морковь-столовая,
fr:guinness-th-tm-for-ign-extra-stout-bier-cervesa-extra-a-in-irelan-y,
de:korinthen,
fr:farine-de-ble-integrale,
fr:arome-raisin,
de:naturbelassen,
fr:a-conserver-au-refrigerateur-et-a-consommer-rapidement-amsomar-de-preference-avant-la-date-figurant-sur-le-fond-de-la-bols-service-consommateurs,
fr:figues-sechee-pulled,
fr:creme-de-lait-pasteurisee,
Flaked almonds,
Maltose syrup,
nb:no-innholdet-synker-sammen-under-transport,
es:zumo-de-uva-y-limon-a-partir-de-concentrado,
Sheep's-milk cheese,
de:cupuaçupüree,
ou-noix-d-arbres,
fr:cognac-hors-age,
fr:pates-a-lasagne-seche,
fr:de-concentrat,
fr:arome-vodka-pomme,
de:limettenauszug,
keep-out-of-reach-of-children,
ru:продукт-творожный-с-заменителем-молочного-жира,
Rye bran,
Black radish,
ro:suc-de-piersici-din-suc-concentrat-de-piersici,
E941,
E225,
natural-smoke-and-grill-flavors,
fr:mini-cone-vanille,
fr:tentacules-de-calamar,
de:branntweinessig-speisesalz,
fr:un-filet-d-huiles-vegetales-de-colza,
dried-gluten-free-sourdough,
de:tomatenmark-14,
fr:ngs-potato-whey-powder-imiik,
fr:bon,
Ice,
Desiccated coconut,
hu:amidon-modificat-de-porumb,
fr:Crème fraîche liquide,
ru:сыворотка,
fr:aubergine-variete-longue-categorie-ii,
Lavender,
nl:waarvan-suikers-proteines,
hu:glutamát,
Chicken egg yolk powder,
fr:froide-en-dessert-et-chaude,
fr:sarrasin-sans-gluten,
de:schlüsselblume,
nb:med-emulgat-soyalecitin,
fr:agents-de-couverture,
it:au-dos-du-paquet,
it:salsa-ai-cetrioli,
Orange blossom honey,
ro:făină-de-secară-integrală,
de:gouda-ringe,
fr:jus-de-carotte-noire-concentre,
citron-vert,
E900,
Retinyl acetate,
Mixed fruit,
fr:substances-vegetales,
fr:melange-d-au-moins-trois-varietes-de-salades-parmi-jeunes-pousses-de-laitue,
via-mantova,
ro:produs-din-zer,
fr:specialite-laitiere-a-tartiner-et-a-cuisiner,
de:orangenzellen,
it:da-uovo,
cooked-and-seasoned-chicken-breast-fillet-pieces,
fr:feuilles-de-the-vert,
de:riesen-champignons-klasse-i,
fr:meion,
Curing salt,
de:native-maisstärke,
fr:jus-de-carotte-et-d-hibiscus-concentre,
it:matiere-grasse-de-lait-anhydre,
de:delikatess-schinkenwurst,
fr:schinus-terebinthifolius,
fr:e259,
de:schnittbohnen,
hu:apă,
fr:menthol-2-4mg,
ru:барбарис,
E172ii,
dyxsis,
Brown rice flour,
Chia seed,
average-per-100m,
Hydrolysed soy protein,
Humboldt squid,
fr:les-conseils-du-chef,
fr:avoine-sirop-de-malt-d-orge,
Liquid egg yolk,
fr:a-l-encre-de-seiche,
fr:Morceaux de foie gras de canard,
fr:sulfites-amel,
ja:かまぼこ）,
de:salt,
68-77-f,
fr:amidon-onset-era-l-abri-de-la-chaleur-et-de-l-humidite,
fr:Sésame complet,
zh:乾燥馬鈴薯,
de:foie-de-porc,
de:bourbon-vanilleschotenertraie-0,
de:glasnudeln,
of-milk-mozzarella,
fr:gouda,
the-academy-of-nutrition-and-dietetics-recommends-a-healthy-diet-including-20-35-g-of-fiber-a-day,
bacon-burger-contain,
fr:grape,
No1,
fr:acidifiers,
de:siehe-seitenfläche,
hu:boia-ardei-dulce,
wholegrain,
Mandarin juice,
beef-and-ale-pie-filling,
ro:acidifianți,
the-noir-aromatise-bergamote-ingredients,
it:caffe-instantaneo,
de:eiweißmischung,
Natural onion flavouring,
fr:feuilles-de-iugrec-deshydratees,
fr:gousses-de-vanille-bour,
ru:ядро-подсолнечника-обжаренное,
fr:jarret-et-gorge-de-porc,
fr:Gratinage,
Apple flavouring,
hu:kalcium-d-pantotenát-pantoténsav,
fr:contient-de-l-extrait-de-vanille,
it:it,
contains-a-wheat-ingredient,
ru:вкусоароматическая-добавка-ветчина,
Powdered almonds,
de:Trockenhefe,
fr:naturel,
fr:ce-produit-est-fabrique-a-partir-de-viande-de-volaille,
hu:dinátrium-s-ribonukleotidok,
popping-corn,
de:spirituose-arrak,
fr:Eau de vie de vin,
bacon-burger,
fr:ingredient-jus-de-pomme,
de:karamellisierter-glucose-fructose-sirup,
Caribbean spiny lobster,
zh:茶葉,
fr:extraits-de-carotte-noire-et-d-hibiscus,
fr:prune-rubinel,
fr:emulsifiant-sodium-de-stearate,
of-c-to-best-store-bread-it-is-recommended-to-close-it-cam-in-the-package-and-store-it-in-a-cool-and-dry-place,
501,
Dried garlic,
Rehydrated egg white,
ja:香辛料抽出物,
unsweetened-chocolatet,
Chromium chloride,
it:farina-di-grano-tenero-di-tipo-0,
Strawberry juice from concentrate,
fr:tricalcic-citrate,
fr:haricots-mange-tout,
fr:iv-c02,
Rice protein,
fr:29-romarin,
esters-of-fatty-acids,
fr:farine-de-ble-tendre-type-0,
ja:小松菜,
fratelli,
fr:filets-d-anchois-sales-sans-peau,
de:grüne-paprika,
fr:ماء-معدنی-طبيعي-عين-سايس-195-سکرا-4-9,
fr:creme-de-chataignes,
Skimmed yogurt,
fr:8400-kl20s40,
de:in-brine,
fr:dont-83-de-tequila,
Concentrated grape juice,
White seedless grape,
fr:Fruits rouges lyophilisés,
Chicken egg yolk,
hu:zahăr,
fr:Jus de poisson,
fr:cyclopterus-lumpus,
Cockles,
fr:el41,
fr:clavon-lsaveutsduclavon,
Laurel extract,
ru:мука-пшеничная-хлебопекарная-1-сорт,
E435,
101,
ru:крупа-гречневая-ядрица,
electrolytic-iron,
fr:naturel-de-poivre,
ru:стаб-ры,
fr:fabrique-avec-du-porc-et-du-canard,
fr:pulpe,
fr:si-produit-dans-l-usine-indiquee-avec-la-lettre,
caprylyl-methicone,
fr:caramel-aromatique-au-beurre-sale,
fr:vitamine-b1-vitamine-b5,
fr:tagliatelles-aux-oeufs-cuites,
fr:concentre-de,
nb:pose-med-sukker-85-og-kanel,
fr:Chapelure de blé,
ru:стабилизатор-эмульгатор,
fr:ukraine,
b-carotene,
ro:caramel,
Free range egg yolk,
milk-chocolates-contains-vegetable-fats-in-addition-to-cocoa-butter,
hu:zselésitő-anyag,
Hake,
Amaranth flour,
de:färbendes-konzentrat-aus-karotten-und-saflorblüten,
E505,
Chocolate ice cream,
fr:louis-martin,
fr:tagete,
nl:bio-rozemarijnextract,
eau,
fr:1-framboise-ecrasee,
fr:lentille-jaune,
energy-value,
light-brown-sugar,
sv:och-potatisstärkelse,
it:noodles-istantanei,
European hake,
fr:mentha-rotundifolla,
fr:guinness-eland-irlaa,
rh-30,
fr:epautre,
fr:melange-de-vitamine-joylent,
fr:sulfiltes,
Eggs from caged hens,
Nitrite curing salt,
Boletus edulis,
dragonfruit-extract,
Rehydrated onion,
fr:f,
Celtic sea salt,
de:Dinkelmehl Type 630,
fr:allergene,
ru:масло-подсолнечное-рафинированное-дзодорированное-первый-сорт,
de:Bourbonvanilleschotenextrakt,
de:sel-de-guérande,
ru:пастеризованные-сливки,
Malted wheat flakes,
fr:vermicelles-de-chocolat,
ru:соль-мальтодекстрин,
a-consommer-de-preference-avant-le,
ghee-oil,
Barley groats,
fr:infusion-de-chinotto-de-sentinelle-slow-food-de-savone,
White sugar,
1420,
ro:cacao-degresată,
Mint leaf,
ja:かやく（味付油揚げ,
de:süssungsmitr-aspartam,
de:sardinenﬁlets,
pl:czerwona-szalotka-w-proszku,
xx:citrato-di-sodio,
fr:matricaria-chamomilla,
Natural strawberry flavouring,
fr:blanc,
Chromium nicotinate,
ro:amidon-de-grâu,
hu:fasole-roșie-boabe,
ru:смесь-токоферолов,
Fully hydrogenated vegetable oils,
maodified-maize-starch,
fr:islande-et-feroe,
arachides,
a-19,
Proteins mix,
fr:elderberry-extract,
ru:печенье-сахарное,
ru:хлебопекарная,
fr:Jus de clémentine,
fr:jus-de-raisin-clarifie-a-base-de-concentre,
Bergamot orange flavouring,
limited-company-headquartered-in-parma,
ci-19140,
fr:boyau-collagenique-comestible,
g-fabrique-et-conftonne-par,
fr:boulgour-fin-rehydrate,
fr:pin,
it:lait,
ro:ceapă-pudră,
fr:preparation-d-epices,
fr:les-ingredients-de-vos-bons-petits-cubes,
fr:sauce-cocktail,
zwarte-thee,
Shea oil,
ginger-powder-cheese-powder-mix,
fr:arome-grenade,
fr:extrait-d-ognons-verts,
fr:melange-de-concentre-proteique,
zh:柑橘果膠,
fr:glucose-syrup,
sv:natriumpyrofosfat,
sv:fruktjuice-fràn-koncentrat,
emulsifier-soy-lecithin,
de:feuchthaltenmittel,
ru:соль-крупного-помола,
Bamboo shoot,
ru:пищевой-натуральный-антиокислитель,
nb:vaniljeekstrakt,
fr:agent-antioxydant,
fr:dont-48-framboises,
fr:galette-de-ble-noir,
it:malt-de-ble,
fr:lactose-lactoserum-en-poudre,
Glacé cherry,
Natural spice extract,
fr:brasse-st,
de:tierisches-lab-hergestellt-in-der-schweiz-schweizer-hartkäse-mit-schweizer-rohmilch-hergestellt,
it:preparazione-al-gusto-di-caffe,
fr:eau-de-source-sainte-helene,
nl:bio-pastinaak,
fr:c,
fr:1-de-matiere-grasse,
any-dreadfully-dull-dish-to-make-it-really-chippa,
it:cipolla-disidritata,
xanthan-gum-salt,
fr:Sirop de glucose de blé en poudre,
ru:рафинированные,
Hydrolysed corn protein,
sunflower-vegetable-oils,
fr:fibre-ingredients-tomates,
fr:piments-verts-doux,
fr:3-1,
fr:mais-sans-gluten,
set,
ensemble-reduisons-l-impact-environnemental,
red-7-lake,
fr:pourcentage-de-matieres-grasses-inferieur-a,
citric,
proteines-i-eiwitten-og,
via-haba,
fr:Haricots verts coupés,
polyhydroxystearic-acid,
fr:batonnet-sorbet-cassis-enrobage-framboise,
fr:extrait-d-epices-dont-celeri,
Split pea,
ru:полифосфат,
de:davon-40-edel-kakao,
de:tomatenpaprika,
ro:monoglutamat-de-sodiu,
fr:Miel de montagne d'Espagne,
de:gewürzextrakte-veganes-produkt,
nb:nettovægten-dog-stadig-1-1-kg,
Beef bones,
it:levure-de-oulangerie-fraiche-lievito-di-panetteria-fresco,
xx:siero-di-latte,
fr:gras-de-canard,
fr:feves-de-soja-sel,
fr:Filets de poulet,
Scallop,
fr:tute-dynan-ique-cetti,
de:bitte-kühl-und-trocken-lagern,
fr:ble-integral,
de:weizenröstmalz,
fr:Arôme naturel de vanille de madagascar,
fr:peroreatde-petit-lait,
Anchovy filets,
store-sa,
fr:fromage-a-pate-molle,
fr:farine-d-avoine-extrudee,
ferrous-sulfate-niacin,
egg-lysosyme,
and-salt,
de:gabelspaghetti-gekocht,
E450ii,
E142,
Celery leaves,
Lemon zest,
Cooked chickpeas,
de:paprika-rot,
de:vanilllin,
l-see-bottle-for-production-and-expiry-date-eep-in-a-coong-تترسع-لحتاج-و-الانتهاء-انظر-الى-الزجهة-bottled-at-source-perrier-by-nws-sud-30310-vergeze-france-57-30310-lorie,
Smoked cured ham,
Baby spinach,
Bamboo fibre,
ro:proteină-vegetală,
de:molkeneiweibkonzentrat,
ru:сыр-рассольный,
ro:emulsificator,
ru:арахис-измельчённый,
Oat fibre,
de:grünkohl-6-aus-dynamischem-anbau-1-milchsauer-vergoren,
fr:bifidus-actiregularis,
hu:izfokozók,
cinnamon-sticks,
de:färbendes-karottenkonzentrat-und-hibiskuskonzentrat,
fr:sorbet-mangue,
Raw ham,
de:distelöl,
nb:kaavaojuomajauhie-sjokoladedrikkpulver,
fr:Plasma de porc,
fr:sauce-au-yaourt,
Soft white cheese,
sv:stekt-nötfärs,
ro:extract-de-rosmarin,
fr:dont-ail-0,
Free range chicken egg yolk,
fr:arome-naturel-de-cannelle-de-ceylan,
fr:fr-70-71m-pojds,
ru:соль-lt,
fr:limettes,
fr:crispies,
it:formaggio-stracchino-nonno-nanni,
Apple pulp,
fr:eucalyptus,
de:tomatenmark-14-einfach-konzentriert,
ci-77492,
de:gehärtete-pflanzliche-fette,
de:pasteurisiert,
fr:tara,
it:cereales-croustillantes,
ru:e122,
fr:Lait en poudre enrichi en matière grasse,
it:gelatina-alimentare,
ru:пастеризованное-коровье-молоко,
sausage-mix,
de:farbstoff-ammonsulfit-zuckerkulör,
pt:destilado-de-plantas-e-sementes-aromaticas,
ru:e10,
ru:крупа-хлопья-овсяные,
Acerola powder,
fr:puree-de-corossol,
fr:jus-concentre-d-os-et-viande-de-boeuf,
Diphosphates and sodium carbonates,
fr:menthe-pomme,
fr:haricots-azuki,
de:sübungsrnittel,
Seaweed,
Sprouted sunflower seeds,
hu:sertés-zselatin,
E222,
ro:extract-de-ardei,
de:water,
Red cabbage,
es:filetes-de-sardina,
Lamb,
Dried apple pieces,
fr:aubergines-prefrites-avec-peau,
produit-de-thdllande-no-de-lot,
fr:acide-citrique-variete-vaccinium-macrocarpon,
fr:p-pe-acide-citrique,
de:färbendes-lebensmittelkonzentrat-aus-äpfeln-und-kürbis,
fr:pepites-de-cranberries,
fr:Épinards en branches,
fr:aromes-naturels-saccharose-sirop-de-glucose,
Orange pulp,
fr:Pur boeuf,
fr:Noix de Saint-Jacques sans corail,
Thai long grain rice,
fr:Miel de montagne de France,
ru:сок-клубничный-концентрированный,
Soy protein isolate,
dried-beef-bonestock,
631,
fr:mer-celtique-et-manche-avec-sennes,
phenoxyethanol,
wheat-dextrin-gluten-free,
fr:viande-de-veau-fermier-d-aquitaine-et-du-limousin,
fr:eclats-de-biscuits-aux-amandes,
de:5-fett,
Raspberry flavouring,
it:granella-di-meringhe,
fr:vin-issu-des-cepages-syrah-et-grenache,
fr:mono-et-diglycerides-d-acides-gras-et-esters-monoacetyltartrique-et-diacetyltartrique-des-mono-et-diglycerides-d-acides-gras,
ru:глютен-пшеничный,
beeswax-white-and-yellow,
su-e,
Copper,
fr:و-e242,
Candied orange peel,
Patagonian scallop,
fr:3,
Aspic,
de:tomaten-paprika-dip,
fr:Cacao minimum,
fr:poivre-moutarde,
tri-and-polyphosphates,
fr:lactose-et-derives-du-lait,
fr:champignons-de-paris-blanc,
packaged-by-weight,
fr:Arôme naturel de muscade,
de:mohr-informationen,
pentosodium-triphosphate,
Whole cow's milk,
fr:fagricu,
ru:отвердителя,
ru:сайра-т,
it:tournesol,
fr:la-lettre-indiquee-avec-la-date-de-durabilite-minimale-et-le-numero-de-lot-correspond-a-la-zone-de-peche-du-colin-d-alaska,
fr:agua,
Banana flavouring,
protect-from-moisture,
electrolyte,
fr:mono-et-diglycerides-diacides-gras,
de:fruktose-zwiebelextrakt,
de:sw,
fr:Colorant de la croûte,
de:kräuterauszug,
fr:tracos-possfblog-do-gluten,
ru:дрожжи-сух,
ru:шоколадная-глазурь-с-растительным-жиром,
mixed-vegetables-in-varying-proportions,
fr:pates-iinguine,
natural-and-artificia-flavors,
whey-cheddar-cheese,
Pholiota,
ru:обжаренное-ядро-подсолнечника,
ro:lecitină-din-floarea-soarelui,
fr:mout-devaisin-concentre,
ru:молокосвертывающий-ферментный-препарат,
zh:小蘇打,
de:hergestellt-in-den-vereinigten-arabischen-emiraten,
fr:Maïs doux en grains sans ogm,
stone-ground-corn,
E212,
fr:filets-maillants-et-similaires,
lait,
fr:lait-ecremė-reconstitue-a-base-de-lait-en-poudre,
it:carni-bovine-cotte-35-equivalente-a-140g-di-carne-cruda-magra,
hu:természetes-vanília,
fr:sachet-de-biscuits-feuilletes-sales,
fr:2-orange-pressee,
gluten-free-pasta,
curcuma,
ru-contenance,
fr:vin-jaune,
fr:ingredients-de-la-preparation-deshydratee,
Whole fresh eggs,
fr:pates-alimentaires-fusilli-cuites-cuisinees,
italy,
ru:сыр-полутвердый,
Linden honey,
ro:dovleac,
fr:autres,
Whole sheep milk,
de:sojacrisipies,
manufactured-in-a-workshop-which-uses-the-soybean-and-lupin,
fr:mures-sauvages-sans-pepins,
de:natürliches-kräuter-aroma,
Natural banana flavouring,
de:verdickungsmittel-ohannisbrotkernmehl-und-pektin,
fr:Huile essentielle de menthe,
de:Natürliche Quellkohlensäure,
fr:حمض-الستريك-e330,
fr:pate-fine,
de:italienischer-hartkäse,
ru:порошок-яичный,
fr:coating-agent,
Skim milk and pasteurized cream,
greatest-first,
es:grasa-anhidra-de-leche,
de:johannisbrotkemmehl-natriumalginat,
de:pasteur,
zh:磷酸鈣,
de:kernmehl,
ja:クチナシ色素,
fr:oeuf-issu-de-poule-elevee-en-plein-air,
ru:аминокислота-l-цистеин,
Brown cane sugar,
it:latte-italiano,
Slippery jack,
de:schnittfester-mozzarella,
nl:bio-maïsmeel,
ja:ゼラチンを含む）,
ro:sare-de-mare-fără-adaos-de-iod,
fr:volume,
de:sojafasern,
de:natriumsaccharin,
Nettle,
fr:acide-citrique-regulateur-de-l-acidite,
Forest honey,
Sour cherry,
Artichoke,
fr:Miel de châtaignier,
Dog rose,
fr:iors-ouver-are,
fr:Purée de tomate mi-réduite,
pt:leite-magro-em-po-ou-concentrado,
fr:decoupe-de-poulet-fermier-cou-nu-jaune,
fr:a-consommer-de-preference-avant-la-date-iffiquee-sur-la-capsule,
waarvan-verzadigde-vetzuren-og,
fr:feuilles-de-thym,
fr:viande-de-dinde-avec-peau,
de:flocken,
garlic-and-parsley-butter,
fr:Extraits naturels d'orange,
Natural spice flavouring,
Natural peach flavouring,
fr:5-dont-eucres,
fr:Extrait de poulet,
fr:creme-de-chataigne,
it:ciclammato-di-sodio,
geproduceerd-en-pasulie-leone-s-d,
de:bourbonvanilleschote-gemahlen,
nb:nettovikten-är-dock-alltidh,
fr:alecontenu-non-utilise-dans-un-pot-avec-couvercle,
fr:Café moulu pur arabica,
sv:spiskummin-och-oregano,
ro:din-lapte,
fr:pour-la-cuisson,
it:anidride-carbo,
sodium-energy-fat-benzoate,
ro:min,
fr:pommes-de-terre-vitelottes,
fr:curcuma-poudre,
it:estratto-di-bacca-di-vaniglia-0,
fr:contient-de-l-amidon-de-pomme-de-terre-et-de-mais,
fr:arome-vimto,
fr:creme-legere-a-12-de-matieres-grasses,
Arabica coffee,
ru:хлопья-кукурузы,
fr:ingrediens,
sv:från-koncentrat,
ru:масло-подсолнечное-нерафинированное,
ou-moins,
fr:sel-marin-certifiee,
fr:huiles-et-stearines-vegetales,
fr:b6-thiamine,
it:grano-tenero,
sauce-de-soja,
fr:tomate-10-eau,
fr:soja-ble,
fr:chair-de-morue-emiettee,
lactic,
piments,
de:antïoxidatiunsmittel-kaliummetabisulfit,
fr:calvados-denature,
pl:anyż,
Bourbon vanilla natural flavouring,
Lactose-free milk,
Natural spices,
de:kräuteressig,
de:ignwer,
es:filetes-de-sardinas,
de:andenhirse,
fr:Jus de betterave rouge concentré,
Wakame,
ru:солод-ячменный-молотый,
fr:ce-produit-contient-du-jambon-fabrique-a-partir-de-viande-de-porc,
ro:fulgi-de-nucă-de-cocos,
E526,
fr:du-saumon-keta-et-rose,
fr:6-et-de-pasteque-2-a-base-de-jus-concentre,
Beef casing,
Grapefruit juice based on concentrate,
Iron fumarate,
de:papayas,
it:youn-t-houe-00-smolt-sweets,
fr:12-oeufs-de-categorie-a-de-poules-elevees-en-cage,
ro:făină-neagră-de-grâu,
fr:proteines-de-lalt,
flour-locust-bean-seeds,
Extruded rice,
fr:melange-de-riz-precuit-avec-des-aiguillettes-de-poulet-cuites-traitees-en-salaison-dans-une-sauce-a-base-de-champignons-de-paris-et-de-creme,
fr:riz-long-complet-precuit-par-etuvage,
fr:vitamine-b,
it:formaggio-edamer,
fr:melange-de-miels-de-montagne-originaires-et-non-originaires-de-l-union-europeenne,
hydrogenated-polyisobutene,
fr:acide-ascorbique-et-farine-de-malt-de-ble,
zh:酵母萃取物,
fr:extrait-de-coquillages,
Almonds pieces,
de:viande-de-porc,
fr:base-aromatisante,
Autolyzed yeast extract,
nb:renskåret-svinekjøtt-av-skinke,
Modified wheat starch,
de:ammoniumhydrogencarbonat-natürliches-aroma,
fr:Éclats de caramel au beurre salé,
semi-sweet-chocolate-chips,
hu:ebből-chili,
Oat bran,
ja:リン酸塩（ｎａ）,
lactose-and-protein-from-whey,
ro:fibră-vegetală-de-mazăre,
fr:elange-au-gingembre,
fr:Sucres extraits de fruits,
fr:sechees,
ham-flavor-aroma,
fr:jus-de-fruits-a-base-de-concentre-15-maximum,
White balsamic vinegar,
fr:tiges-de-citronnelle,
fr:poivrons-du-sud-ouest,
whey-demineralized-powder,
Skimmed mild yogurt,
de:bibernelle,
mulgent,
fr:diphosphates-antioxydant,
hemp-protein,
contains-lactobacillus-casei-shirota,
fr:zone-de-peche-fao,
it:derivati,
fr:pyridoxine-chlorhydrate,
de:natives-olivenat-extra,
rooibos-tea,
lambs-lettuce,
ammonium-acid-carbonate,
de:kutua,
nb:e316,
Rabbit meat,
Meat patty,
Extra-fine green beans,
fr:boli-مبسترات,
de:haseinüsse,
ru:массовая-доля-хлористого-натрия,
ascoli-piceno,
fr:pain-suedois,
fr:Jambon de porc français,
fr:beurre-de-cacao-pate-de-cacao,
de:quot,
Extruded cereals,
503,
Lemon pulp,
de:branntweinessig-modifizierte-maisstärke,
de:maistärke,
E221,
arome-bergamote,
Roast chicken,
fr:viande-de-tet-de-boeuf,
hu:keményítő-emulgeálószer,
fr:Purée de pommes concentrée,
0-1-composition,
46,
fr:carottes-des-landes,
de:gebratener-frühstücksspeck,
ru:семена-кунжута,
fr:Jus de cranberry à base de concentré,
zwarte-thee-met-bergamotaroma-ingredienten,
fr:180-crevettes,
xx:latte,
hu:sare,
Cooked beef meat,
fr:pcivre-de,
de:traubensüße,
de:frische-vollmilch-pasteurisiert-nicht-homogenisiert,
Beef heart,
fr:d-autres-cereales-contenant-du-gluten-et-de-fruits-a-coque,
ro:polifosfați,
de:trennungsmittel,
fr:lecithine-de-soja-aromes,
ro:șoric,
fr:Moutarde à l'ancienne,
fr:Miel de foret d'italie,
de:oblate,
Red and yellow peppers,
de:l-l-carnitin,
fr:beurre-lait-entier-en-poudre,
E345,
E263,
de:pecorino-käse,
White rice,
Cooked carrot,
fr:3-puree-de-banane,
nature-identical-flavour,
Chard,
fr:sucre-raffine,
sv:vete-skållning-och-förjäst-vete-mjöl,
de:süße-aprikosenkerne,
fr:bicarbonate-et-pyrophosphate-de-sodium,
fr:concentres,
de:kollagenhydrolysat,
fr:arome-sel,
it:fermenti-latici,
mozzarella-milk,
ro:concentrat-colorant-din-plante-si-fructe,
fr:vermicelle-de-riz,
de:gouda,
fr:conserver-au-sec,
casings-made-from-beef-collagen,
fr:amidon-modifie-de-mais-huile-de-tournesol,
spices-garlic,
zh:細磨烏龍茶葉,
fr:raisin-sultanine,
fr:vinaigre-balsamique-demce-de-vin,
fr:peche-en-pacifique-nord-ouest-ou,
ru:гидрогенизированное-пальмоядровое-масло,
fr:produit,
het-gemiddelde-geviicht-van-een-pastille-is,
ble,
sunflower-oil-values,
of-milk-curd,
nb:druesukke-salt,
fr:texturant,
Natural dill flavouring,
sheep-s-and-goats-milk,
Coconut water,
fr:caille-lait,
fr:Arôme naturel de sucre roux,
fr:polvre,
de:designs,
f-2,
hu:sertésszalonna,
vegetable-fat-palm,
fr:7-tmodifiesel,
de:reine-eingesottene-butter,
fr:nsel,
ail,
fr:kan-sporen-van-schaaldieren-en-soja-bevatten,
no:vitamin-d,
cyclopentasiloxane,
Onion Extract,
bittersweet-chocolate,
fr:fabricado-por,
o,
pl:goździk,
fr:poids-net,
fr:sugar,
hu:ízesítő-növényi-részek,
senia-712-94657-ovnet,
fr:coquillettes-precuites,
fr:lb,
nutritional-informati-typical-values-er-preservatives,
emulgent,
E122,
dark-chocolate-filling,
fr:Billettes de céréales,
de:sonnenblumenöl-mit-hohem-olsäuregehalt,
fr:agents-de-brillance,
fr:cuite,
ru:отборные-пастеризованные-сливки,
ru:кунжут-обжаренный,
sprouted-flaxseed,
de:o,
ro:difosfați-și-trifosfați-de-sodiu,
fr:sale,
fr:dextrine-de-pomme-de-terre,
ro:zer-pudră,
tomato-and-basil-sauce,
fr:farine-precuite-de-quinoa,
Blue cheese,
nb:nettovekten-er-likevel-1-1-kg,
fr:pepites-de-chocolat-1,
fr:saveur-d-aloe,
soya-auce,
Sultana,
energ-18-fi-285g-and-na-consurium-mode,
fr:fructose-de-betterave-sucriere,
fr:a-base-de-lait-pasteurise,
de:cherry-roma-tomaten,
fr:Extrait de céleri,
fr:sel-de-salies,
pl:przyprawa-pho,
it:beurre-de-cacao,
sv:palmkärneolja,
Kvass wort concentrate,
fr:lait-de-brebis-a-3-de-matiere-grasse,
ru:фарш-рыбный-сурими,
by-cow-s-milk,
iodized-speisesaltz,
de:6-6-korinthen,
fr:water,
huile-essentieiie-de-menthe-poivree-du-piemont-ingredienten,
ja:ベニコウジ色素,
lii-fl-a-consommer-de-preference-voir-date-sur-remballge,
de:maisgeschmack,
fr:principe-actif,
ru:ацетат-кальция,
ethylhexylglycerin,
Elderflower,
ja:増粘剤（アラビアガム）,
ru:ферментная-группа,
fr:446mi,
ru:крахмал-тапиоковый-модифицированный,
skimmied-milk,
fr:segments-de-mandarines,
maltodextrose,
sv:arabicakaffe,
vegetable-oi,
zh:黃色4號,
D-pantothenate calcium,
de:hydroxide,
fr:cnstal,
fr:e202-correcteur-d-acidite-e330,
fr:epices-curcuma-et-paprika,
fr:pates-alimentaires-torsades-cuites-aromatisees-a-la-tomate-et-a-la-betterave,
fr:gardenia,
ja:（原材料の一部に乳成分,
fr:gel-de-l-aloe-vera,
fr:Concentré de protéines de soja,
fr:conservateurs-de-croute,
ru:гемицеллюлоза,
sv:kärnmjölkspulver,
pandan-leaf,
isododecane,
Mandarin,
de:eier-aus-freilandhaltung,
it:fruits-a-coque,
fr:oeufs-frais-14-stabilisants,
fr:lait-pasteurise-partiellement-ecreme,
de:schafsaitliing,
ro:emulgator-lecitină-de-soia,
xx:acido-citrico,
fr:dyes,
ja:ビタミンｂ１,
Apple vinegar,
fr:dont-feuilles-de-basilic-deshydratees,
de:i2œen-von-gluten-und-hühnerei-eiweib-kônnen-nicht-ausgeschlossen-werden,
ru:копчёная-килька-и-салака,
de:huhnfleisch-gegart,
poudre-de-cacao,
sheep-s-cheese-pecorino-romano,
nl:rood,
fr:malt-d-orge-reglisse,
fr:extrait-d-orange-de-gargano-qualita-biondo,
ru:сахаринат-натрия,
fr:viande-precuite-8-equivalent-viand-crue,
fr:Melons confits,
Whole grain amaranth flour,
fr:argentine-et-chlamys-opercularis,
ro:monogliceride-și-digliceride-ale-acizilor-grași,
fr:puree-de-peche-de-vigne,
ci-15850,
recenstituted,
fr:creme-de-riz-complet,
Crêpe,
ro:făină-neagră-de-grâu-tip-1350,
fr:de-carignan-et-d-un-peu-de-syrah,
green-tea-essence,
de:sorte,
de:lupineneiweiss,
fr:2-crevettes-decortiquees,
Lemon flavouring,
ro:guma-xantan,
nl:bio-dille,
de:geschält,
de:zucker-knoblauch,
fr:vanille-bourbon-naturelle,
fr:Œufs entiers extra-frais,
natural-mineral-water-co2-mineral-content-mg,
Roscoff onions,
Almond paste,
de:bei-unter-10-cmindestens-haltbar-bis,
Hydrogenated palm kernel oil,
Casein,
fr:Extrait naturel de poivre,
nb:jossa-emulgointiaine-soijalesitiini,
ja:魚介エキス,
ru:дезодорированные-растительные-жиры-и-масла,
bg:сушен-чесън,
Cane sugar syrup,
fr:puree-concentree-de-framboise,
island-of-re-fleur-de-sel-sea-salt,
up-and-smell-powders,
it:lecithines,
ru:концентрированный-сок-облепихи,
fr:Calmar géant,
Kirsch,
412,
fr:pates-alimentaire-conchiglie-cuites-aromatisees-au-curcuma,
es:rebozado-aromatizado,
pt:gordura-de-coco,
fr:x2-steack-a-griller,
mono-and-diglicerides-of-fatty-acids,
fr:orange-amere,
de:schweinesaitling,
de:orangelöl,
ro:agenți-de-gelificare,
ru:рис-экструдированный,
fr:truite-fumee-27-et-saumon,
Sugared cranberries,
it:cetrioli-sottaceto,
ro:fâina,
fr:feves-de-cacao-natif,
Chokeberry juice,
de:gewürzaroma,
Iodised sea salt,
Liver,
fr:jus-de-cuisson-de-moule,
fr:corsee,
de:stückchen,
green-rooibos,
gluten-free-breadcrumbs,
ru:ароматизатор-натуральный-клюквенный,
fr:2-8,
ru:продукт-молокосодержащий-сгущенка-вареная,
d-calcium-pantothenate,
thiamine,
fr:patent-blue-v,
223,
fr:foie-de-porc-francais,
fr:dublin-8,
formed-meat-from-chicken-breast-fillet,
fr:issu-de-poules-elevees-au-sol,
fr:feuilles-de-mauve,
fr:Yogourt au lait pasteurisé,
fr:Jambon de porc issu d'animaux nourris sans ogm,
fr:sodium-acid-malate,
fr:amomum-tsaoko,
de:ammoniumsalze-von-phosphatidsäuren,
fr:agrumes-a-base-de-concentres,
de:säuerungskultur,
Poppyseed,
not-volume,
it:farina-di-soia-emulsionante,
it:estratto-di-carota-nera,
Taurine,
s0-2530,
fr:decor-de-confiserie-colore,
rice-starch-raising-agents,
pl:kurku-ma-w-proszku,
fr:farine-de-ble-malte-lt,
it:pate-de-cacao,
stevia-extract,
hu:ivóviz,
de:enthàlt-soja-sulfite,
soya-lecithine,
Red apple,
Camomile flower,
ru:масло-рапсовое-рафинированное,
fr:concentre-proteique-de-lactoserum,
ru:ацесульфам-калия,
fr:ce-cvcnt-fin,
ru:хлористого-кальция,
fr:amerique-centrale-et-amerique-du-sud,
Forest mushroom,
fr:e-extra,
fr:fruit-and-pantes-concentrates,
fr:Ail semoule,
ro:telemea-maturată-obținută-din-lapte-de-vacă-pasteurizat,
fr:lait-reconstitue-a-2-1-de-matiere-grasse,
buckwheat-flour-from-certified-agriculture,
fr:coulis-de-tomate-de-provence-a-l-ancienne,
fr:fleurs-de-lilas,
Strong mustard,
de:i,
sv:e223-sulfit,
ro:suc-concentrat-de-vișine,
fr:Aiguillettes de poulet,
de:tonijn-stukken,
ja:さば,
fr:puree-de-e-sechees-i-de,
Milkcap,
alfalfa-protein,
ja:酸化防止剤（ビタミンｅ）,
Spelt flour,
fr:oranges-semi-confites,
flavourings-and-preservaties-an-unmistakable-classic-made-with-natural-herbal-infusions-for-a-full-flaouret-dandelion-and-burdock-lae-gist,
fr:lles-feroe,
de:süßmokenpulver,
ru:для-сыра-сливочного,
ro:sirop-de-glucoza-fructoza,
Mung bean,
fr:Sauce aux fruits rouges,
fr:2-mures-ecrasees,
it:con-frumento,
Sorghum flour,
Whipping cream,
es:leche-semidesnatada-sin-lactosa,
fr:de-mais-de-triticale,
fr:Épinards déshydratés,
brown-rice-crisps,
fr:Viande de boeuf en poudre,
fr:Origan déshydraté,
Veal fond,
de:peperoniwurst,
Lovage leaves,
it:preparazione-a-base-di-biscotto-ai-4-cereali,
E160e,
166,
sv:pepparmintsolja,
store-at-controlled-room-temperature-20-25-c,
fr:lait-de-vache-ecreme,
see-ingredients-underlined,
xx:proteine-del-latte,
de:junger-gouda,
yellow-61,
it:minimum-dans-le-chocolat-seul,
fr:disphosphate-disodique,
Churned butter,
fr:flavor,
ja:植物性たん白,
fr:graines-d-epeautre-du-nord,
Garlic paste,
ammonium-salts-of-phosphatidic-acids,
to-preserve-freshness,
ja:スープ（食塩,
de:verarbeitungshilfsstoffe,
zh:食用色素,
fr:teguments-de-graines-de-moutarde,
it:traces-eventuelles-d-autres-fruits-a-coque,
hu:bőrös-libazsiradék,
gist,
fr:en-accompagnement-de-viandes,
fr:nitrito-di-sodio,
ja:昆布パウダー,
Chinese hibiscus,
Foaming agent,
de:johannisbeersaft-aus-konzentrat,
fr:pepites-de-chocolat-avec-edulcorant,
de:verarbeitunghilfsstoffe,
de:sübungsmittel,
fr:echine,
fr:liquide,
fr:crepine-de-porc,
Natural garlic flavouring,
nb:druvsocker,
koolzaadolie,
it:carragenine,
fr:Chair de morue,
the-locust-bean-gum,
fr:infusion-et-arome-nature,
Pear puree,
fr:chips-de-noix-de-coco-grilles,
ru:сорбат-натрия,
fr:miettes-75-et-pattes,
ru:продукт-творожный,
de:milcheiweib,
you-are-pregnant-and-nursing-a-baby,
ja:香味油）,
sat,
Bamboo,
de:ungeöffnet-mindestens-haltbar-bis,
fr:lait-a-2-de-matieres-grasses,
fr:Pain de mie complet,
Cauliflower,
fr:set-et-poivre,
fr:acidiiant,
de:mungobohnensprossen,
es:grasa-vacuna-refinada,
E1450,
fr:2-pomme-presse,
fr:batons-de-soja,
l,
cheese-seasoning,
fr:alchemille,
fr:eeau,
sv:xylitol-29,
fr:585882-se,
fr:farine-de-fromet,
ru:о,
fr:cranberry-canneberge,
fr:carboxymethyle-cellulose,
fr:voir-sur-l-emballage,
fr:raisins-secs-sultanine-11,
ru:фракционированное,
nl:zuurtegraadregelaars,
Turnip-rape,
Hydrogenated vegetable fat,
hu:kukoricakeményltó,
fr:sel-poivre-gris-moulu,
fr:des-aromes-naturels-dans-les-cubes-chorizo-et-jambon-cru,
de:dillspitzen,
fr:ingredient-issu-de-l,
ru:рапсовое-муке,
fr:de-production-suisse,
sv:rålakrits,
ru:консервант-сорбат-натрия,
Lime,
Dried fenugreek leaf,
fr:pate-de-cacao-beurre-de-cacao,
fr:120,
fr:feuilles-de-framboisier,
pl:teksturowany-gluten-pszenny,
de:käsewürze,
